Label,Value,Timestamp
Ale,0,1714635049
Approval,81,1714635049
Berries,43,1714635049
Clay,0,1714635049
Eggs,0,1714635049
Firewood,1490,1714635049
Hides,0,1714635049
Iron Ore,158,1714635049
Leather,77,1714635049
Meat,0,1714635049
Planks,256,1714635049
Regional Wealth,1025,1714635049
Roof Tiles,50,1714635049
Stone,757,1714635049
Timber,33,1714635049
Vegetables,114,1714635049
Ale,0,1714635050
Approval,81,1714635050
Berries,43,1714635050
Clay,0,1714635050
Eggs,0,1714635050
Firewood,1490,1714635050
Hides,0,1714635050
Iron Ore,158,1714635050
Leather,77,1714635050
Meat,0,1714635050
Planks,256,1714635050
Regional Wealth,1025,1714635050
Roof Tiles,50,1714635050
Stone,757,1714635050
Timber,33,1714635050
Vegetables,114,1714635050
Ale,0,1714635051
Approval,81,1714635051
Berries,43,1714635051
Clay,0,1714635051
Eggs,0,1714635051
Firewood,1490,1714635051
Hides,0,1714635051
Iron Ore,158,1714635051
Leather,77,1714635051
Meat,0,1714635051
Planks,256,1714635051
Regional Wealth,1025,1714635051
Roof Tiles,50,1714635051
Stone,757,1714635051
Timber,33,1714635051
Vegetables,114,1714635051
Ale,0,1714635052
Approval,81,1714635052
Berries,43,1714635052
Clay,0,1714635052
Eggs,0,1714635052
Firewood,1490,1714635052
Hides,0,1714635052
Iron Ore,158,1714635052
Leather,77,1714635052
Meat,0,1714635052
Planks,256,1714635052
Regional Wealth,1025,1714635052
Roof Tiles,50,1714635052
Stone,757,1714635052
Timber,33,1714635052
Vegetables,114,1714635052
Ale,0,1714635053
Approval,81,1714635053
Berries,43,1714635053
Clay,0,1714635053
Eggs,0,1714635053
Firewood,1490,1714635053
Hides,0,1714635053
Iron Ore,158,1714635053
Leather,77,1714635053
Meat,0,1714635053
Planks,256,1714635053
Regional Wealth,1025,1714635053
Roof Tiles,50,1714635053
Stone,757,1714635053
Timber,33,1714635053
Vegetables,114,1714635053
Ale,0,1714635054
Approval,81,1714635054
Berries,43,1714635054
Clay,0,1714635054
Eggs,0,1714635054
Firewood,1491,1714635054
Hides,0,1714635054
Iron Ore,158,1714635054
Leather,77,1714635054
Meat,0,1714635054
Planks,256,1714635054
Regional Wealth,1025,1714635054
Roof Tiles,50,1714635054
Stone,757,1714635054
Timber,33,1714635054
Vegetables,114,1714635054
Ale,0,1714635055
Approval,81,1714635055
Berries,43,1714635055
Clay,0,1714635055
Eggs,0,1714635055
Firewood,1492,1714635055
Hides,0,1714635055
Iron Ore,158,1714635055
Leather,77,1714635055
Meat,0,1714635055
Planks,256,1714635055
Regional Wealth,1025,1714635055
Roof Tiles,50,1714635055
Stone,757,1714635055
Timber,33,1714635055
Vegetables,114,1714635055
Ale,0,1714635056
Approval,81,1714635056
Berries,43,1714635056
Clay,0,1714635056
Eggs,0,1714635056
Firewood,1493,1714635056
Hides,0,1714635056
Iron Ore,158,1714635056
Leather,77,1714635056
Meat,0,1714635056
Planks,256,1714635056
Regional Wealth,1025,1714635056
Roof Tiles,50,1714635056
Stone,757,1714635056
Timber,33,1714635056
Vegetables,114,1714635056
Ale,0,1714635057
Approval,81,1714635057
Berries,43,1714635057
Clay,0,1714635057
Eggs,0,1714635057
Firewood,1494,1714635057
Hides,0,1714635057
Iron Ore,158,1714635057
Leather,77,1714635057
Meat,0,1714635057
Planks,256,1714635057
Regional Wealth,1024,1714635057
Roof Tiles,50,1714635057
Stone,757,1714635057
Timber,33,1714635057
Vegetables,114,1714635057
Ale,0,1714635058
Approval,81,1714635058
Berries,43,1714635058
Clay,0,1714635058
Eggs,0,1714635058
Firewood,1494,1714635058
Hides,0,1714635058
Iron Ore,158,1714635058
Leather,77,1714635058
Meat,0,1714635058
Planks,256,1714635058
Regional Wealth,1024,1714635058
Roof Tiles,50,1714635058
Stone,757,1714635058
Timber,33,1714635058
Vegetables,114,1714635058
Ale,0,1714635059
Approval,81,1714635059
Berries,43,1714635059
Clay,0,1714635059
Eggs,0,1714635059
Firewood,1493,1714635059
Hides,0,1714635059
Iron Ore,158,1714635059
Leather,77,1714635059
Meat,0,1714635059
Planks,256,1714635059
Regional Wealth,1024,1714635059
Roof Tiles,50,1714635059
Stone,757,1714635059
Timber,33,1714635059
Vegetables,114,1714635059
Ale,0,1714635060
Approval,81,1714635060
Berries,43,1714635060
Clay,0,1714635060
Eggs,0,1714635060
Firewood,1494,1714635060
Hides,0,1714635060
Iron Ore,158,1714635060
Leather,77,1714635060
Meat,0,1714635060
Planks,256,1714635060
Regional Wealth,1023,1714635060
Roof Tiles,50,1714635060
Stone,757,1714635060
Timber,33,1714635060
Vegetables,114,1714635060
Ale,0,1714635061
Approval,81,1714635061
Berries,43,1714635061
Clay,0,1714635061
Eggs,0,1714635061
Firewood,1494,1714635061
Hides,0,1714635061
Iron Ore,158,1714635061
Leather,77,1714635061
Meat,0,1714635061
Planks,256,1714635061
Regional Wealth,1023,1714635061
Roof Tiles,50,1714635061
Stone,757,1714635061
Timber,33,1714635061
Vegetables,114,1714635061
Ale,0,1714635062
Approval,81,1714635062
Berries,43,1714635062
Clay,0,1714635062
Eggs,0,1714635062
Firewood,1494,1714635062
Hides,0,1714635062
Iron Ore,158,1714635062
Leather,77,1714635062
Meat,0,1714635062
Planks,256,1714635062
Regional Wealth,1023,1714635062
Roof Tiles,50,1714635062
Stone,757,1714635062
Timber,33,1714635062
Vegetables,114,1714635062
Ale,0,1714635063
Approval,81,1714635063
Berries,43,1714635063
Clay,0,1714635063
Eggs,0,1714635063
Firewood,1495,1714635063
Hides,0,1714635063
Iron Ore,158,1714635063
Leather,77,1714635063
Meat,0,1714635063
Planks,256,1714635063
Regional Wealth,1023,1714635063
Roof Tiles,50,1714635063
Stone,757,1714635063
Timber,33,1714635063
Vegetables,113,1714635063
Ale,0,1714635064
Approval,81,1714635064
Berries,43,1714635064
Clay,0,1714635064
Eggs,0,1714635064
Firewood,1496,1714635064
Hides,0,1714635064
Iron Ore,158,1714635064
Leather,77,1714635064
Meat,0,1714635064
Planks,256,1714635064
Regional Wealth,1023,1714635064
Roof Tiles,50,1714635064
Stone,757,1714635064
Timber,33,1714635064
Vegetables,112,1714635064
Ale,0,1714635065
Approval,81,1714635065
Berries,43,1714635065
Clay,0,1714635065
Eggs,0,1714635065
Firewood,1496,1714635065
Hides,0,1714635065
Iron Ore,158,1714635065
Leather,77,1714635065
Meat,0,1714635065
Planks,256,1714635065
Regional Wealth,1023,1714635065
Roof Tiles,50,1714635065
Stone,757,1714635065
Timber,33,1714635065
Vegetables,112,1714635065
Ale,0,1714635066
Approval,81,1714635066
Berries,43,1714635066
Clay,0,1714635066
Eggs,0,1714635066
Firewood,1496,1714635066
Hides,0,1714635066
Iron Ore,158,1714635066
Leather,77,1714635066
Meat,0,1714635066
Planks,256,1714635066
Regional Wealth,1023,1714635066
Roof Tiles,50,1714635066
Stone,757,1714635066
Timber,33,1714635066
Vegetables,112,1714635066
Ale,0,1714635067
Approval,82,1714635067
Berries,43,1714635067
Clay,0,1714635067
Eggs,0,1714635067
Firewood,1496,1714635067
Hides,0,1714635067
Iron Ore,158,1714635067
Leather,77,1714635067
Meat,0,1714635067
Planks,256,1714635067
Regional Wealth,1023,1714635067
Roof Tiles,50,1714635067
Stone,757,1714635067
Timber,33,1714635067
Vegetables,112,1714635067
Ale,0,1714635068
Approval,82,1714635068
Berries,43,1714635068
Clay,0,1714635068
Eggs,1,1714635068
Firewood,1497,1714635068
Hides,1,1714635068
Iron Ore,158,1714635068
Leather,77,1714635068
Meat,0,1714635068
Planks,256,1714635068
Regional Wealth,1023,1714635068
Roof Tiles,50,1714635068
Stone,757,1714635068
Timber,33,1714635068
Vegetables,112,1714635068
Ale,0,1714635069
Approval,82,1714635069
Berries,43,1714635069
Clay,0,1714635069
Eggs,1,1714635069
Firewood,1498,1714635069
Hides,1,1714635069
Iron Ore,158,1714635069
Leather,77,1714635069
Meat,0,1714635069
Planks,256,1714635069
Regional Wealth,1023,1714635069
Roof Tiles,50,1714635069
Stone,757,1714635069
Timber,33,1714635069
Vegetables,112,1714635069
Ale,0,1714635070
Approval,84,1714635070
Berries,43,1714635070
Clay,0,1714635070
Eggs,1,1714635070
Firewood,1499,1714635070
Hides,1,1714635070
Iron Ore,158,1714635070
Leather,77,1714635070
Meat,0,1714635070
Planks,256,1714635070
Regional Wealth,1023,1714635070
Roof Tiles,50,1714635070
Stone,757,1714635070
Timber,33,1714635070
Vegetables,112,1714635070
Ale,0,1714635071
Approval,84,1714635071
Berries,43,1714635071
Clay,0,1714635071
Eggs,1,1714635071
Firewood,1498,1714635071
Hides,0,1714635071
Iron Ore,158,1714635071
Leather,77,1714635071
Meat,0,1714635071
Planks,256,1714635071
Regional Wealth,1023,1714635071
Roof Tiles,50,1714635071
Stone,757,1714635071
Timber,33,1714635071
Vegetables,111,1714635071
Ale,0,1714635072
Approval,84,1714635072
Berries,43,1714635072
Clay,0,1714635072
Eggs,1,1714635072
Firewood,1499,1714635072
Hides,0,1714635072
Iron Ore,158,1714635072
Leather,77,1714635072
Meat,0,1714635072
Planks,256,1714635072
Regional Wealth,1023,1714635072
Roof Tiles,50,1714635072
Stone,757,1714635072
Timber,33,1714635072
Vegetables,111,1714635072
Ale,0,1714635073
Approval,84,1714635073
Berries,43,1714635073
Clay,0,1714635073
Eggs,1,1714635073
Firewood,1499,1714635073
Hides,0,1714635073
Iron Ore,158,1714635073
Leather,77,1714635073
Meat,0,1714635073
Planks,256,1714635073
Regional Wealth,1022,1714635073
Roof Tiles,50,1714635073
Stone,757,1714635073
Timber,33,1714635073
Vegetables,111,1714635073
Ale,0,1714635074
Approval,84,1714635074
Berries,43,1714635074
Clay,0,1714635074
Eggs,1,1714635074
Firewood,1499,1714635074
Hides,0,1714635074
Iron Ore,158,1714635074
Leather,77,1714635074
Meat,0,1714635074
Planks,256,1714635074
Regional Wealth,1022,1714635074
Roof Tiles,50,1714635074
Stone,757,1714635074
Timber,33,1714635074
Vegetables,111,1714635074
Ale,0,1714635075
Approval,84,1714635075
Berries,43,1714635075
Clay,0,1714635075
Eggs,1,1714635075
Firewood,1499,1714635075
Hides,0,1714635075
Iron Ore,158,1714635075
Leather,77,1714635075
Meat,0,1714635075
Planks,256,1714635075
Regional Wealth,1022,1714635075
Roof Tiles,50,1714635075
Stone,757,1714635075
Timber,33,1714635075
Vegetables,111,1714635075
Ale,0,1714635076
Approval,84,1714635076
Berries,43,1714635076
Clay,0,1714635076
Eggs,1,1714635076
Firewood,1499,1714635076
Hides,0,1714635076
Iron Ore,158,1714635076
Leather,77,1714635076
Meat,0,1714635076
Planks,256,1714635076
Regional Wealth,1022,1714635076
Roof Tiles,50,1714635076
Stone,757,1714635076
Timber,33,1714635076
Vegetables,111,1714635076
Ale,0,1714635213
Approval,77,1714635213
Berries,43,1714635213
Clay,0,1714635213
Eggs,0,1714635213
Firewood,1556,1714635213
Hides,0,1714635213
Iron Ore,158,1714635213
Leather,79,1714635213
Meat,0,1714635213
Planks,256,1714635213
Regional Wealth,1022,1714635213
Roof Tiles,50,1714635213
Stone,757,1714635213
Timber,33,1714635213
Vegetables,109,1714635213
Ale,0,1714635214
Approval,77,1714635214
Berries,43,1714635214
Clay,0,1714635214
Eggs,0,1714635214
Firewood,1556,1714635214
Hides,0,1714635214
Iron Ore,158,1714635214
Leather,79,1714635214
Meat,0,1714635214
Planks,256,1714635214
Regional Wealth,1022,1714635214
Roof Tiles,50,1714635214
Stone,757,1714635214
Timber,33,1714635214
Vegetables,109,1714635214
Ale,0,1714635215
Approval,77,1714635215
Berries,43,1714635215
Clay,0,1714635215
Eggs,0,1714635215
Firewood,1556,1714635215
Hides,0,1714635215
Iron Ore,158,1714635215
Leather,79,1714635215
Meat,0,1714635215
Planks,256,1714635215
Regional Wealth,1022,1714635215
Roof Tiles,50,1714635215
Stone,757,1714635215
Timber,33,1714635215
Vegetables,109,1714635215
Ale,0,1714635216
Approval,77,1714635216
Berries,43,1714635216
Clay,0,1714635216
Eggs,0,1714635216
Firewood,1558,1714635216
Hides,0,1714635216
Iron Ore,158,1714635216
Leather,79,1714635216
Meat,0,1714635216
Planks,256,1714635216
Regional Wealth,1021,1714635216
Roof Tiles,50,1714635216
Stone,757,1714635216
Timber,33,1714635216
Vegetables,109,1714635216
Ale,0,1714635217
Approval,77,1714635217
Berries,43,1714635217
Clay,0,1714635217
Eggs,0,1714635217
Firewood,1558,1714635217
Hides,0,1714635217
Iron Ore,158,1714635217
Leather,79,1714635217
Meat,0,1714635217
Planks,256,1714635217
Regional Wealth,1021,1714635217
Roof Tiles,50,1714635217
Stone,757,1714635217
Timber,33,1714635217
Vegetables,109,1714635217
Ale,0,1714635218
Approval,77,1714635218
Berries,43,1714635218
Clay,0,1714635218
Eggs,0,1714635218
Firewood,1558,1714635218
Hides,0,1714635218
Iron Ore,158,1714635218
Leather,79,1714635218
Meat,0,1714635218
Planks,256,1714635218
Regional Wealth,1021,1714635218
Roof Tiles,50,1714635218
Stone,757,1714635218
Timber,33,1714635218
Vegetables,109,1714635218
Ale,0,1714635219
Approval,77,1714635219
Berries,43,1714635219
Clay,0,1714635219
Eggs,0,1714635219
Firewood,1558,1714635219
Hides,0,1714635219
Iron Ore,158,1714635219
Leather,79,1714635219
Meat,0,1714635219
Planks,256,1714635219
Regional Wealth,1021,1714635219
Roof Tiles,50,1714635219
Stone,757,1714635219
Timber,33,1714635219
Vegetables,109,1714635219
Ale,0,1714635220
Approval,77,1714635220
Berries,43,1714635220
Clay,0,1714635220
Eggs,0,1714635220
Firewood,1559,1714635220
Hides,0,1714635220
Iron Ore,158,1714635220
Leather,79,1714635220
Meat,0,1714635220
Planks,256,1714635220
Regional Wealth,1021,1714635220
Roof Tiles,50,1714635220
Stone,757,1714635220
Timber,33,1714635220
Vegetables,109,1714635220
Ale,0,1714635221
Approval,77,1714635221
Berries,43,1714635221
Clay,0,1714635221
Eggs,0,1714635221
Firewood,1560,1714635221
Hides,0,1714635221
Iron Ore,158,1714635221
Leather,79,1714635221
Meat,0,1714635221
Planks,256,1714635221
Regional Wealth,1021,1714635221
Roof Tiles,50,1714635221
Stone,757,1714635221
Timber,33,1714635221
Vegetables,109,1714635221
Ale,0,1714635222
Approval,77,1714635222
Berries,43,1714635222
Clay,0,1714635222
Eggs,0,1714635222
Firewood,1560,1714635222
Hides,0,1714635222
Iron Ore,158,1714635222
Leather,79,1714635222
Meat,0,1714635222
Planks,256,1714635222
Regional Wealth,1021,1714635222
Roof Tiles,50,1714635222
Stone,757,1714635222
Timber,33,1714635222
Vegetables,109,1714635222
Ale,0,1714635223
Approval,77,1714635223
Berries,43,1714635223
Clay,0,1714635223
Eggs,0,1714635223
Firewood,1561,1714635223
Hides,0,1714635223
Iron Ore,158,1714635223
Leather,79,1714635223
Meat,0,1714635223
Planks,256,1714635223
Regional Wealth,1020,1714635223
Roof Tiles,50,1714635223
Stone,757,1714635223
Timber,33,1714635223
Vegetables,109,1714635223
Ale,0,1714635224
Approval,77,1714635224
Berries,43,1714635224
Clay,0,1714635224
Eggs,0,1714635224
Firewood,1560,1714635224
Hides,0,1714635224
Iron Ore,158,1714635224
Leather,79,1714635224
Meat,0,1714635224
Planks,256,1714635224
Regional Wealth,1020,1714635224
Roof Tiles,50,1714635224
Stone,757,1714635224
Timber,33,1714635224
Vegetables,109,1714635224
Ale,0,1714635225
Approval,77,1714635225
Berries,43,1714635225
Clay,0,1714635225
Eggs,0,1714635225
Firewood,1561,1714635225
Hides,0,1714635225
Iron Ore,158,1714635225
Leather,79,1714635225
Meat,0,1714635225
Planks,256,1714635225
Regional Wealth,1020,1714635225
Roof Tiles,50,1714635225
Stone,757,1714635225
Timber,33,1714635225
Vegetables,110,1714635225
Ale,0,1714640703
Approval,79,1714640703
Berries,43,1714640703
Clay,0,1714640703
Eggs,0,1714640703
Firewood,1575,1714640703
Hides,0,1714640703
Iron Ore,158,1714640703
Leather,79,1714640703
Meat,0,1714640703
Planks,256,1714640703
Regional Wealth,1019,1714640703
Roof Tiles,50,1714640703
Stone,757,1714640703
Timber,33,1714640703
Vegetables,113,1714640703
Ale,0,1714640708
Approval,79,1714640708
Berries,43,1714640708
Clay,0,1714640708
Eggs,0,1714640708
Firewood,1575,1714640708
Hides,0,1714640708
Iron Ore,158,1714640708
Leather,79,1714640708
Meat,0,1714640708
Planks,256,1714640708
Regional Wealth,1019,1714640708
Roof Tiles,50,1714640708
Stone,757,1714640708
Timber,33,1714640708
Vegetables,113,1714640708
Ale,0,1714640713
Approval,79,1714640713
Berries,43,1714640713
Clay,0,1714640713
Eggs,0,1714640713
Firewood,1576,1714640713
Hides,0,1714640713
Iron Ore,158,1714640713
Leather,79,1714640713
Meat,0,1714640713
Planks,256,1714640713
Regional Wealth,1019,1714640713
Roof Tiles,50,1714640713
Stone,757,1714640713
Timber,33,1714640713
Vegetables,113,1714640713
Ale,0,1714640718
Approval,79,1714640718
Berries,43,1714640718
Clay,0,1714640718
Eggs,0,1714640718
Firewood,1577,1714640718
Hides,0,1714640718
Iron Ore,158,1714640718
Leather,79,1714640718
Meat,0,1714640718
Planks,256,1714640718
Regional Wealth,1019,1714640718
Roof Tiles,50,1714640718
Stone,757,1714640718
Timber,33,1714640718
Vegetables,113,1714640718
Ale,0,1714640723
Approval,79,1714640723
Berries,43,1714640723
Clay,0,1714640723
Eggs,0,1714640723
Firewood,1578,1714640723
Hides,0,1714640723
Iron Ore,158,1714640723
Leather,79,1714640723
Meat,0,1714640723
Planks,256,1714640723
Regional Wealth,1019,1714640723
Roof Tiles,50,1714640723
Stone,757,1714640723
Timber,33,1714640723
Vegetables,113,1714640723
Ale,0,1714640728
Approval,79,1714640728
Berries,43,1714640728
Clay,0,1714640728
Eggs,0,1714640728
Firewood,1578,1714640728
Hides,0,1714640728
Iron Ore,158,1714640728
Leather,79,1714640728
Meat,0,1714640728
Planks,256,1714640728
Regional Wealth,1019,1714640728
Roof Tiles,50,1714640728
Stone,757,1714640728
Timber,33,1714640728
Vegetables,113,1714640728
Ale,0,1714640733
Approval,79,1714640733
Berries,43,1714640733
Clay,0,1714640733
Eggs,0,1714640733
Firewood,1578,1714640733
Hides,0,1714640733
Iron Ore,158,1714640733
Leather,79,1714640733
Meat,0,1714640733
Planks,256,1714640733
Regional Wealth,1019,1714640733
Roof Tiles,50,1714640733
Stone,757,1714640733
Timber,33,1714640733
Vegetables,113,1714640733
Ale,0,1714640738
Approval,79,1714640738
Berries,43,1714640738
Clay,0,1714640738
Eggs,0,1714640738
Firewood,1578,1714640738
Hides,0,1714640738
Iron Ore,158,1714640738
Leather,79,1714640738
Meat,0,1714640738
Planks,256,1714640738
Regional Wealth,1019,1714640738
Roof Tiles,50,1714640738
Stone,757,1714640738
Timber,33,1714640738
Vegetables,113,1714640738
Ale,0,1714640743
Approval,79,1714640743
Berries,43,1714640743
Clay,0,1714640743
Eggs,0,1714640743
Firewood,1578,1714640743
Hides,0,1714640743
Iron Ore,158,1714640743
Leather,79,1714640743
Meat,0,1714640743
Planks,256,1714640743
Regional Wealth,1019,1714640743
Roof Tiles,50,1714640743
Stone,757,1714640743
Timber,33,1714640743
Vegetables,113,1714640743
Ale,0,1714640748
Approval,79,1714640748
Berries,43,1714640748
Clay,0,1714640748
Eggs,0,1714640748
Firewood,1578,1714640748
Hides,0,1714640748
Iron Ore,158,1714640748
Leather,79,1714640748
Meat,0,1714640748
Planks,256,1714640748
Regional Wealth,1019,1714640748
Roof Tiles,50,1714640748
Stone,757,1714640748
Timber,33,1714640748
Vegetables,113,1714640748
Ale,0,1714640753
Approval,79,1714640753
Berries,43,1714640753
Clay,0,1714640753
Eggs,0,1714640753
Firewood,1578,1714640753
Hides,0,1714640753
Iron Ore,158,1714640753
Leather,79,1714640753
Meat,0,1714640753
Planks,256,1714640753
Regional Wealth,1019,1714640753
Roof Tiles,50,1714640753
Stone,757,1714640753
Timber,33,1714640753
Vegetables,113,1714640753
Ale,0,1714640758
Approval,79,1714640758
Berries,43,1714640758
Clay,0,1714640758
Eggs,0,1714640758
Firewood,1578,1714640758
Hides,0,1714640758
Iron Ore,158,1714640758
Leather,79,1714640758
Meat,0,1714640758
Planks,256,1714640758
Regional Wealth,1019,1714640758
Roof Tiles,50,1714640758
Stone,757,1714640758
Timber,33,1714640758
Vegetables,113,1714640758
Ale,0,1714640763
Approval,79,1714640763
Berries,43,1714640763
Clay,0,1714640763
Eggs,0,1714640763
Firewood,1578,1714640763
Hides,0,1714640763
Iron Ore,158,1714640763
Leather,79,1714640763
Meat,0,1714640763
Planks,256,1714640763
Regional Wealth,1019,1714640763
Roof Tiles,50,1714640763
Stone,757,1714640763
Timber,33,1714640763
Vegetables,113,1714640763
Ale,0,1714640768
Approval,79,1714640768
Berries,43,1714640768
Clay,0,1714640768
Eggs,0,1714640768
Firewood,1579,1714640768
Hides,0,1714640768
Iron Ore,158,1714640768
Leather,79,1714640768
Meat,0,1714640768
Planks,256,1714640768
Regional Wealth,1019,1714640768
Roof Tiles,50,1714640768
Stone,757,1714640768
Timber,33,1714640768
Vegetables,113,1714640768
Ale,0,1714640773
Approval,79,1714640773
Berries,43,1714640773
Clay,0,1714640773
Eggs,0,1714640773
Firewood,1580,1714640773
Hides,0,1714640773
Iron Ore,158,1714640773
Leather,79,1714640773
Meat,0,1714640773
Planks,256,1714640773
Regional Wealth,1019,1714640773
Roof Tiles,50,1714640773
Stone,757,1714640773
Timber,33,1714640773
Vegetables,113,1714640773
Ale,0,1714640778
Approval,79,1714640778
Berries,43,1714640778
Clay,0,1714640778
Eggs,0,1714640778
Firewood,1580,1714640778
Hides,0,1714640778
Iron Ore,158,1714640778
Leather,79,1714640778
Meat,0,1714640778
Planks,256,1714640778
Regional Wealth,1019,1714640778
Roof Tiles,50,1714640778
Stone,757,1714640778
Timber,33,1714640778
Vegetables,113,1714640778
Ale,0,1714640783
Approval,79,1714640783
Berries,43,1714640783
Clay,0,1714640783
Eggs,0,1714640783
Firewood,1581,1714640783
Hides,0,1714640783
Iron Ore,158,1714640783
Leather,79,1714640783
Meat,0,1714640783
Planks,256,1714640783
Regional Wealth,1019,1714640783
Roof Tiles,50,1714640783
Stone,757,1714640783
Timber,33,1714640783
Vegetables,113,1714640783
Ale,0,1714640788
Approval,79,1714640788
Berries,43,1714640788
Clay,0,1714640788
Eggs,0,1714640788
Firewood,1581,1714640788
Hides,0,1714640788
Iron Ore,158,1714640788
Leather,79,1714640788
Meat,0,1714640788
Planks,256,1714640788
Regional Wealth,1019,1714640788
Roof Tiles,50,1714640788
Stone,757,1714640788
Timber,33,1714640788
Vegetables,113,1714640788
Ale,0,1714640793
Approval,79,1714640793
Berries,43,1714640793
Clay,0,1714640793
Eggs,0,1714640793
Firewood,1581,1714640793
Hides,0,1714640793
Iron Ore,158,1714640793
Leather,79,1714640793
Meat,0,1714640793
Planks,256,1714640793
Regional Wealth,1019,1714640793
Roof Tiles,50,1714640793
Stone,757,1714640793
Timber,33,1714640793
Vegetables,113,1714640793
Ale,0,1714640798
Approval,79,1714640798
Berries,43,1714640798
Clay,0,1714640798
Eggs,0,1714640798
Firewood,1581,1714640798
Hides,0,1714640798
Iron Ore,158,1714640798
Leather,79,1714640798
Meat,0,1714640798
Planks,256,1714640798
Regional Wealth,1019,1714640798
Roof Tiles,50,1714640798
Stone,757,1714640798
Timber,33,1714640798
Vegetables,113,1714640798
Ale,0,1714640803
Approval,79,1714640803
Berries,43,1714640803
Clay,0,1714640803
Eggs,0,1714640803
Firewood,1581,1714640803
Hides,0,1714640803
Iron Ore,158,1714640803
Leather,79,1714640803
Meat,0,1714640803
Planks,256,1714640803
Regional Wealth,1019,1714640803
Roof Tiles,50,1714640803
Stone,757,1714640803
Timber,33,1714640803
Vegetables,113,1714640803
Ale,0,1714640808
Approval,79,1714640808
Berries,43,1714640808
Clay,0,1714640808
Eggs,0,1714640808
Firewood,1581,1714640808
Hides,0,1714640808
Iron Ore,158,1714640808
Leather,79,1714640808
Meat,0,1714640808
Planks,256,1714640808
Regional Wealth,1019,1714640808
Roof Tiles,50,1714640808
Stone,757,1714640808
Timber,33,1714640808
Vegetables,113,1714640808
Ale,0,1714640813
Approval,79,1714640813
Berries,43,1714640813
Clay,0,1714640813
Eggs,0,1714640813
Firewood,1581,1714640813
Hides,0,1714640813
Iron Ore,158,1714640813
Leather,79,1714640813
Meat,0,1714640813
Planks,256,1714640813
Regional Wealth,1019,1714640813
Roof Tiles,50,1714640813
Stone,757,1714640813
Timber,33,1714640813
Vegetables,113,1714640813
Ale,0,1714640818
Approval,79,1714640818
Berries,43,1714640818
Clay,0,1714640818
Eggs,0,1714640818
Firewood,1581,1714640818
Hides,0,1714640818
Iron Ore,158,1714640818
Leather,79,1714640818
Meat,0,1714640818
Planks,256,1714640818
Regional Wealth,1019,1714640818
Roof Tiles,50,1714640818
Stone,757,1714640818
Timber,33,1714640818
Vegetables,113,1714640818
Ale,0,1714640823
Approval,79,1714640823
Berries,43,1714640823
Clay,0,1714640823
Eggs,0,1714640823
Firewood,1582,1714640823
Hides,0,1714640823
Iron Ore,158,1714640823
Leather,79,1714640823
Meat,0,1714640823
Planks,256,1714640823
Regional Wealth,1019,1714640823
Roof Tiles,50,1714640823
Stone,757,1714640823
Timber,33,1714640823
Vegetables,113,1714640823
Ale,0,1714640839
Approval,79,1714640839
Berries,43,1714640839
Clay,0,1714640839
Eggs,0,1714640839
Firewood,1584,1714640839
Hides,0,1714640839
Iron Ore,158,1714640839
Leather,79,1714640839
Meat,0,1714640839
Planks,256,1714640839
Regional Wealth,1019,1714640839
Roof Tiles,50,1714640839
Stone,757,1714640839
Timber,33,1714640839
Vegetables,113,1714640839
Ale,0,1714640844
Approval,79,1714640844
Berries,43,1714640844
Clay,0,1714640844
Eggs,0,1714640844
Firewood,1584,1714640844
Hides,0,1714640844
Iron Ore,158,1714640844
Leather,79,1714640844
Meat,0,1714640844
Planks,256,1714640844
Regional Wealth,1019,1714640844
Roof Tiles,50,1714640844
Stone,757,1714640844
Timber,33,1714640844
Vegetables,113,1714640844
Ale,0,1714640849
Approval,79,1714640849
Berries,43,1714640849
Clay,0,1714640849
Eggs,0,1714640849
Firewood,1584,1714640849
Hides,0,1714640849
Iron Ore,158,1714640849
Leather,79,1714640849
Meat,0,1714640849
Planks,256,1714640849
Regional Wealth,1019,1714640849
Roof Tiles,50,1714640849
Stone,757,1714640849
Timber,33,1714640849
Vegetables,113,1714640849
Ale,0,1714642742
Approval,79,1714642742
Berries,43,1714642742
Clay,0,1714642742
Eggs,0,1714642742
Firewood,1655,1714642742
Hides,0,1714642742
Iron Ore,158,1714642742
Leather,79,1714642742
Meat,0,1714642742
Planks,256,1714642742
Regional Wealth,1019,1714642742
Roof Tiles,50,1714642742
Stone,757,1714642742
Timber,33,1714642742
Vegetables,113,1714642742
Ale,0,1714642747
Approval,79,1714642747
Berries,43,1714642747
Clay,0,1714642747
Eggs,0,1714642747
Firewood,1655,1714642747
Hides,0,1714642747
Iron Ore,158,1714642747
Leather,79,1714642747
Meat,0,1714642747
Planks,256,1714642747
Regional Wealth,1019,1714642747
Roof Tiles,50,1714642747
Stone,757,1714642747
Timber,33,1714642747
Vegetables,113,1714642747
Ale,0,1714642752
Approval,79,1714642752
Berries,43,1714642752
Clay,0,1714642752
Eggs,0,1714642752
Firewood,1655,1714642752
Hides,0,1714642752
Iron Ore,158,1714642752
Leather,79,1714642752
Meat,0,1714642752
Planks,256,1714642752
Regional Wealth,1019,1714642752
Roof Tiles,50,1714642752
Stone,757,1714642752
Timber,33,1714642752
Vegetables,113,1714642752
Ale,0,1714642757
Approval,79,1714642757
Berries,43,1714642757
Clay,0,1714642757
Eggs,0,1714642757
Firewood,1655,1714642757
Hides,0,1714642757
Iron Ore,158,1714642757
Leather,79,1714642757
Meat,0,1714642757
Planks,256,1714642757
Regional Wealth,1019,1714642757
Roof Tiles,50,1714642757
Stone,757,1714642757
Timber,33,1714642757
Vegetables,113,1714642757
Ale,0,1714642762
Approval,79,1714642762
Berries,43,1714642762
Clay,0,1714642762
Eggs,0,1714642762
Firewood,1655,1714642762
Hides,0,1714642762
Iron Ore,158,1714642762
Leather,79,1714642762
Meat,0,1714642762
Planks,256,1714642762
Regional Wealth,1019,1714642762
Roof Tiles,50,1714642762
Stone,757,1714642762
Timber,33,1714642762
Vegetables,113,1714642762
Ale,0,1714642767
Approval,79,1714642767
Berries,43,1714642767
Clay,0,1714642767
Eggs,0,1714642767
Firewood,1655,1714642767
Hides,0,1714642767
Iron Ore,158,1714642767
Leather,79,1714642767
Meat,0,1714642767
Planks,256,1714642767
Regional Wealth,1019,1714642767
Roof Tiles,50,1714642767
Stone,757,1714642767
Timber,33,1714642767
Vegetables,113,1714642767
Ale,0,1714642772
Approval,79,1714642772
Berries,43,1714642772
Clay,0,1714642772
Eggs,0,1714642772
Firewood,1655,1714642772
Hides,0,1714642772
Iron Ore,158,1714642772
Leather,79,1714642772
Meat,0,1714642772
Planks,256,1714642772
Regional Wealth,1019,1714642772
Roof Tiles,50,1714642772
Stone,757,1714642772
Timber,33,1714642772
Vegetables,113,1714642772
Ale,0,1714642777
Approval,79,1714642777
Berries,43,1714642777
Clay,0,1714642777
Eggs,0,1714642777
Firewood,1655,1714642777
Hides,0,1714642777
Iron Ore,158,1714642777
Leather,79,1714642777
Meat,0,1714642777
Planks,256,1714642777
Regional Wealth,1019,1714642777
Roof Tiles,50,1714642777
Stone,757,1714642777
Timber,33,1714642777
Vegetables,113,1714642777
Ale,0,1714642782
Approval,79,1714642782
Berries,43,1714642782
Clay,0,1714642782
Eggs,0,1714642782
Firewood,1655,1714642782
Hides,0,1714642782
Iron Ore,158,1714642782
Leather,79,1714642782
Meat,0,1714642782
Planks,256,1714642782
Regional Wealth,1019,1714642782
Roof Tiles,50,1714642782
Stone,757,1714642782
Timber,33,1714642782
Vegetables,113,1714642782
Ale,0,1714642787
Approval,79,1714642787
Berries,43,1714642787
Clay,0,1714642787
Eggs,0,1714642787
Firewood,1656,1714642787
Hides,0,1714642787
Iron Ore,158,1714642787
Leather,79,1714642787
Meat,0,1714642787
Planks,256,1714642787
Regional Wealth,1019,1714642787
Roof Tiles,50,1714642787
Stone,757,1714642787
Timber,33,1714642787
Vegetables,113,1714642787
Ale,0,1714642792
Approval,79,1714642792
Berries,43,1714642792
Clay,0,1714642792
Eggs,0,1714642792
Firewood,1657,1714642792
Hides,0,1714642792
Iron Ore,158,1714642792
Leather,79,1714642792
Meat,0,1714642792
Planks,256,1714642792
Regional Wealth,1019,1714642792
Roof Tiles,50,1714642792
Stone,757,1714642792
Timber,33,1714642792
Vegetables,113,1714642792
Ale,0,1714642797
Approval,79,1714642797
Berries,43,1714642797
Clay,0,1714642797
Eggs,0,1714642797
Firewood,1657,1714642797
Hides,0,1714642797
Iron Ore,158,1714642797
Leather,79,1714642797
Meat,0,1714642797
Planks,256,1714642797
Regional Wealth,1019,1714642797
Roof Tiles,50,1714642797
Stone,757,1714642797
Timber,33,1714642797
Vegetables,113,1714642797
Ale,0,1714642802
Approval,79,1714642802
Berries,43,1714642802
Clay,0,1714642802
Eggs,0,1714642802
Firewood,1657,1714642802
Hides,0,1714642802
Iron Ore,158,1714642802
Leather,79,1714642802
Meat,0,1714642802
Planks,256,1714642802
Regional Wealth,1019,1714642802
Roof Tiles,50,1714642802
Stone,757,1714642802
Timber,33,1714642802
Vegetables,113,1714642802
Ale,0,1714642833
Approval,79,1714642833
Berries,43,1714642833
Clay,0,1714642833
Eggs,0,1714642833
Firewood,1658,1714642833
Hides,0,1714642833
Iron Ore,158,1714642833
Leather,79,1714642833
Meat,0,1714642833
Planks,256,1714642833
Regional Wealth,1019,1714642833
Roof Tiles,50,1714642833
Stone,757,1714642833
Timber,33,1714642833
Vegetables,113,1714642833
Ale,0,1714642838
Approval,79,1714642838
Berries,43,1714642838
Clay,0,1714642838
Eggs,0,1714642838
Firewood,1658,1714642838
Hides,0,1714642838
Iron Ore,158,1714642838
Leather,79,1714642838
Meat,0,1714642838
Planks,256,1714642838
Regional Wealth,1019,1714642838
Roof Tiles,50,1714642838
Stone,757,1714642838
Timber,33,1714642838
Vegetables,113,1714642838
Ale,0,1714642843
Approval,79,1714642843
Berries,43,1714642843
Clay,0,1714642843
Eggs,0,1714642843
Firewood,1658,1714642843
Hides,0,1714642843
Iron Ore,158,1714642843
Leather,79,1714642843
Meat,0,1714642843
Planks,256,1714642843
Regional Wealth,1019,1714642843
Roof Tiles,50,1714642843
Stone,757,1714642843
Timber,33,1714642843
Vegetables,113,1714642843
Ale,0,1714642848
Approval,79,1714642848
Berries,43,1714642848
Clay,0,1714642848
Eggs,0,1714642848
Firewood,1658,1714642848
Hides,0,1714642848
Iron Ore,158,1714642848
Leather,79,1714642848
Meat,0,1714642848
Planks,256,1714642848
Regional Wealth,1019,1714642848
Roof Tiles,50,1714642848
Stone,757,1714642848
Timber,33,1714642848
Vegetables,113,1714642848
Ale,0,1714642853
Approval,79,1714642853
Berries,43,1714642853
Clay,0,1714642853
Eggs,0,1714642853
Firewood,1659,1714642853
Hides,0,1714642853
Iron Ore,158,1714642853
Leather,79,1714642853
Meat,0,1714642853
Planks,256,1714642853
Regional Wealth,1019,1714642853
Roof Tiles,50,1714642853
Stone,757,1714642853
Timber,33,1714642853
Vegetables,113,1714642853
Ale,0,1714642858
Approval,79,1714642858
Berries,43,1714642858
Clay,0,1714642858
Eggs,0,1714642858
Firewood,1659,1714642858
Hides,0,1714642858
Iron Ore,158,1714642858
Leather,79,1714642858
Meat,0,1714642858
Planks,256,1714642858
Regional Wealth,1019,1714642858
Roof Tiles,50,1714642858
Stone,757,1714642858
Timber,33,1714642858
Vegetables,113,1714642858
Ale,0,1714642863
Approval,79,1714642863
Berries,43,1714642863
Clay,0,1714642863
Eggs,0,1714642863
Firewood,1660,1714642863
Hides,0,1714642863
Iron Ore,158,1714642863
Leather,79,1714642863
Meat,0,1714642863
Planks,256,1714642863
Regional Wealth,1019,1714642863
Roof Tiles,50,1714642863
Stone,757,1714642863
Timber,33,1714642863
Vegetables,113,1714642863
Ale,0,1714642868
Approval,79,1714642868
Berries,43,1714642868
Clay,0,1714642868
Eggs,0,1714642868
Firewood,1660,1714642868
Hides,0,1714642868
Iron Ore,158,1714642868
Leather,79,1714642868
Meat,0,1714642868
Planks,256,1714642868
Regional Wealth,1019,1714642868
Roof Tiles,50,1714642868
Stone,757,1714642868
Timber,33,1714642868
Vegetables,113,1714642868
Ale,0,1714642873
Approval,70,1714642873
Berries,43,1714642873
Clay,0,1714642873
Eggs,0,1714642873
Firewood,1663,1714642873
Hides,0,1714642873
Iron Ore,158,1714642873
Leather,79,1714642873
Meat,0,1714642873
Planks,256,1714642873
Regional Wealth,1019,1714642873
Roof Tiles,50,1714642873
Stone,757,1714642873
Timber,33,1714642873
Vegetables,112,1714642873
Ale,0,1714642878
Approval,70,1714642878
Berries,43,1714642878
Clay,0,1714642878
Eggs,0,1714642878
Firewood,1666,1714642878
Hides,0,1714642878
Iron Ore,158,1714642878
Leather,79,1714642878
Meat,0,1714642878
Planks,256,1714642878
Regional Wealth,1019,1714642878
Roof Tiles,50,1714642878
Stone,757,1714642878
Timber,33,1714642878
Vegetables,111,1714642878
Ale,0,1714642883
Approval,70,1714642883
Berries,43,1714642883
Clay,0,1714642883
Eggs,0,1714642883
Firewood,1668,1714642883
Hides,0,1714642883
Iron Ore,158,1714642883
Leather,79,1714642883
Meat,0,1714642883
Planks,256,1714642883
Regional Wealth,1019,1714642883
Roof Tiles,50,1714642883
Stone,757,1714642883
Timber,33,1714642883
Vegetables,111,1714642883
Ale,0,1714642888
Approval,70,1714642888
Berries,43,1714642888
Clay,0,1714642888
Eggs,0,1714642888
Firewood,1671,1714642888
Hides,0,1714642888
Iron Ore,158,1714642888
Leather,79,1714642888
Meat,0,1714642888
Planks,256,1714642888
Regional Wealth,1019,1714642888
Roof Tiles,50,1714642888
Stone,757,1714642888
Timber,33,1714642888
Vegetables,110,1714642888
Ale,0,1714642893
Approval,72,1714642893
Berries,43,1714642893
Clay,0,1714642893
Eggs,0,1714642893
Firewood,1673,1714642893
Hides,0,1714642893
Iron Ore,158,1714642893
Leather,79,1714642893
Meat,0,1714642893
Planks,256,1714642893
Regional Wealth,1017,1714642893
Roof Tiles,50,1714642893
Stone,757,1714642893
Timber,33,1714642893
Vegetables,111,1714642893
Ale,0,1714642898
Approval,72,1714642898
Berries,43,1714642898
Clay,0,1714642898
Eggs,0,1714642898
Firewood,1673,1714642898
Hides,0,1714642898
Iron Ore,158,1714642898
Leather,79,1714642898
Meat,0,1714642898
Planks,256,1714642898
Regional Wealth,1016,1714642898
Roof Tiles,50,1714642898
Stone,757,1714642898
Timber,33,1714642898
Vegetables,112,1714642898
Ale,0,1714642903
Approval,74,1714642903
Berries,43,1714642903
Clay,0,1714642903
Eggs,0,1714642903
Firewood,1675,1714642903
Hides,0,1714642903
Iron Ore,158,1714642903
Leather,79,1714642903
Meat,0,1714642903
Planks,256,1714642903
Regional Wealth,1016,1714642903
Roof Tiles,50,1714642903
Stone,757,1714642903
Timber,33,1714642903
Vegetables,112,1714642903
Ale,0,1714642908
Approval,74,1714642908
Berries,43,1714642908
Clay,0,1714642908
Eggs,1,1714642908
Firewood,1677,1714642908
Hides,0,1714642908
Iron Ore,158,1714642908
Leather,79,1714642908
Meat,0,1714642908
Planks,256,1714642908
Regional Wealth,1016,1714642908
Roof Tiles,50,1714642908
Stone,757,1714642908
Timber,33,1714642908
Vegetables,110,1714642908
Ale,0,1714642913
Approval,74,1714642913
Berries,43,1714642913
Clay,0,1714642913
Eggs,1,1714642913
Firewood,1680,1714642913
Hides,0,1714642913
Iron Ore,158,1714642913
Leather,80,1714642913
Meat,0,1714642913
Planks,256,1714642913
Regional Wealth,1015,1714642913
Roof Tiles,50,1714642913
Stone,757,1714642913
Timber,33,1714642913
Vegetables,110,1714642913
Ale,0,1714642918
Approval,74,1714642918
Berries,43,1714642918
Clay,0,1714642918
Eggs,1,1714642918
Firewood,1680,1714642918
Hides,0,1714642918
Iron Ore,158,1714642918
Leather,80,1714642918
Meat,0,1714642918
Planks,256,1714642918
Regional Wealth,1015,1714642918
Roof Tiles,50,1714642918
Stone,757,1714642918
Timber,33,1714642918
Vegetables,109,1714642918
Ale,0,1714642923
Approval,75,1714642923
Berries,43,1714642923
Clay,0,1714642923
Eggs,1,1714642923
Firewood,1682,1714642923
Hides,0,1714642923
Iron Ore,158,1714642923
Leather,80,1714642923
Meat,0,1714642923
Planks,256,1714642923
Regional Wealth,1015,1714642923
Roof Tiles,50,1714642923
Stone,757,1714642923
Timber,33,1714642923
Vegetables,107,1714642923
Ale,0,1714643070
Approval,76,1714643070
Berries,43,1714643070
Clay,0,1714643070
Eggs,0,1714643070
Firewood,1727,1714643070
Hides,0,1714643070
Iron Ore,158,1714643070
Leather,81,1714643070
Meat,0,1714643070
Planks,256,1714643070
Regional Wealth,1015,1714643070
Roof Tiles,50,1714643070
Stone,757,1714643070
Timber,33,1714643070
Vegetables,100,1714643070
Ale,0,1714643075
Approval,76,1714643075
Berries,43,1714643075
Clay,0,1714643075
Eggs,0,1714643075
Firewood,1728,1714643075
Hides,0,1714643075
Iron Ore,158,1714643075
Leather,81,1714643075
Meat,0,1714643075
Planks,256,1714643075
Regional Wealth,1015,1714643075
Roof Tiles,50,1714643075
Stone,757,1714643075
Timber,33,1714643075
Vegetables,100,1714643075
Ale,0,1714643080
Approval,76,1714643080
Berries,43,1714643080
Clay,0,1714643080
Eggs,0,1714643080
Firewood,1730,1714643080
Hides,0,1714643080
Iron Ore,158,1714643080
Leather,81,1714643080
Meat,0,1714643080
Planks,256,1714643080
Regional Wealth,1014,1714643080
Roof Tiles,50,1714643080
Stone,757,1714643080
Timber,33,1714643080
Vegetables,98,1714643080
Ale,0,1714643085
Approval,76,1714643085
Berries,43,1714643085
Clay,0,1714643085
Eggs,0,1714643085
Firewood,1732,1714643085
Hides,0,1714643085
Iron Ore,158,1714643085
Leather,81,1714643085
Meat,0,1714643085
Planks,256,1714643085
Regional Wealth,1014,1714643085
Roof Tiles,50,1714643085
Stone,757,1714643085
Timber,33,1714643085
Vegetables,98,1714643085
Ale,0,1714643090
Approval,77,1714643090
Berries,43,1714643090
Clay,0,1714643090
Eggs,0,1714643090
Firewood,1732,1714643090
Hides,0,1714643090
Iron Ore,158,1714643090
Leather,81,1714643090
Meat,0,1714643090
Planks,256,1714643090
Regional Wealth,1013,1714643090
Roof Tiles,50,1714643090
Stone,757,1714643090
Timber,33,1714643090
Vegetables,97,1714643090
Ale,0,1714643095
Approval,79,1714643095
Berries,43,1714643095
Clay,0,1714643095
Eggs,0,1714643095
Firewood,1733,1714643095
Hides,0,1714643095
Iron Ore,158,1714643095
Leather,81,1714643095
Meat,0,1714643095
Planks,256,1714643095
Regional Wealth,1013,1714643095
Roof Tiles,50,1714643095
Stone,757,1714643095
Timber,33,1714643095
Vegetables,97,1714643095
Ale,0,1714643100
Approval,79,1714643100
Berries,43,1714643100
Clay,0,1714643100
Eggs,0,1714643100
Firewood,1735,1714643100
Hides,0,1714643100
Iron Ore,158,1714643100
Leather,81,1714643100
Meat,0,1714643100
Planks,256,1714643100
Regional Wealth,1012,1714643100
Roof Tiles,50,1714643100
Stone,757,1714643100
Timber,33,1714643100
Vegetables,97,1714643100
Ale,0,1714643105
Approval,79,1714643105
Berries,43,1714643105
Clay,0,1714643105
Eggs,0,1714643105
Firewood,1733,1714643105
Hides,0,1714643105
Iron Ore,158,1714643105
Leather,81,1714643105
Meat,0,1714643105
Planks,256,1714643105
Regional Wealth,1011,1714643105
Roof Tiles,50,1714643105
Stone,757,1714643105
Timber,33,1714643105
Vegetables,97,1714643105
Ale,0,1714643110
Approval,79,1714643110
Berries,43,1714643110
Clay,0,1714643110
Eggs,1,1714643110
Firewood,1734,1714643110
Hides,0,1714643110
Iron Ore,158,1714643110
Leather,81,1714643110
Meat,0,1714643110
Planks,256,1714643110
Regional Wealth,1009,1714643110
Roof Tiles,50,1714643110
Stone,757,1714643110
Timber,33,1714643110
Vegetables,96,1714643110
Ale,0,1714643115
Approval,80,1714643115
Berries,43,1714643115
Clay,0,1714643115
Eggs,1,1714643115
Firewood,1734,1714643115
Hides,0,1714643115
Iron Ore,158,1714643115
Leather,81,1714643115
Meat,0,1714643115
Planks,256,1714643115
Regional Wealth,1009,1714643115
Roof Tiles,50,1714643115
Stone,757,1714643115
Timber,33,1714643115
Vegetables,95,1714643115
Ale,0,1714643120
Approval,82,1714643120
Berries,43,1714643120
Clay,0,1714643120
Eggs,1,1714643120
Firewood,1734,1714643120
Hides,0,1714643120
Iron Ore,158,1714643120
Leather,82,1714643120
Meat,0,1714643120
Planks,256,1714643120
Regional Wealth,1009,1714643120
Roof Tiles,50,1714643120
Stone,757,1714643120
Timber,33,1714643120
Vegetables,94,1714643120
Ale,0,1714643125
Approval,82,1714643125
Berries,43,1714643125
Clay,0,1714643125
Eggs,1,1714643125
Firewood,1734,1714643125
Hides,0,1714643125
Iron Ore,158,1714643125
Leather,82,1714643125
Meat,0,1714643125
Planks,256,1714643125
Regional Wealth,1009,1714643125
Roof Tiles,50,1714643125
Stone,757,1714643125
Timber,33,1714643125
Vegetables,92,1714643125
Ale,0,1714645870
Approval,74,1714645870
Berries,43,1714645870
Clay,0,1714645870
Eggs,0,1714645870
Firewood,1728,1714645870
Hides,0,1714645870
Iron Ore,158,1714645870
Leather,81,1714645870
Meat,0,1714645870
Planks,256,1714645870
Regional Wealth,1015,1714645870
Roof Tiles,50,1714645870
Stone,757,1714645870
Timber,33,1714645870
Vegetables,100,1714645870
Ale,0,1714645875
Approval,74,1714645875
Berries,43,1714645875
Clay,0,1714645875
Eggs,0,1714645875
Firewood,1728,1714645875
Hides,0,1714645875
Iron Ore,158,1714645875
Leather,81,1714645875
Meat,0,1714645875
Planks,256,1714645875
Regional Wealth,1015,1714645875
Roof Tiles,50,1714645875
Stone,757,1714645875
Timber,33,1714645875
Vegetables,100,1714645875
Ale,0,1714645880
Approval,74,1714645880
Berries,43,1714645880
Clay,0,1714645880
Eggs,0,1714645880
Firewood,1728,1714645880
Hides,0,1714645880
Iron Ore,158,1714645880
Leather,81,1714645880
Meat,0,1714645880
Planks,256,1714645880
Regional Wealth,1015,1714645880
Roof Tiles,50,1714645880
Stone,757,1714645880
Timber,33,1714645880
Vegetables,100,1714645880
Ale,0,1714645885
Approval,74,1714645885
Berries,43,1714645885
Clay,0,1714645885
Eggs,0,1714645885
Firewood,1728,1714645885
Hides,0,1714645885
Iron Ore,158,1714645885
Leather,81,1714645885
Meat,0,1714645885
Planks,256,1714645885
Regional Wealth,1015,1714645885
Roof Tiles,50,1714645885
Stone,757,1714645885
Timber,33,1714645885
Vegetables,100,1714645885
Ale,0,1714645890
Approval,74,1714645890
Berries,43,1714645890
Clay,0,1714645890
Eggs,0,1714645890
Firewood,1728,1714645890
Hides,0,1714645890
Iron Ore,158,1714645890
Leather,81,1714645890
Meat,0,1714645890
Planks,256,1714645890
Regional Wealth,1015,1714645890
Roof Tiles,50,1714645890
Stone,757,1714645890
Timber,33,1714645890
Vegetables,100,1714645890
Ale,0,1714645895
Approval,74,1714645895
Berries,43,1714645895
Clay,0,1714645895
Eggs,0,1714645895
Firewood,1728,1714645895
Hides,0,1714645895
Iron Ore,158,1714645895
Leather,81,1714645895
Meat,0,1714645895
Planks,256,1714645895
Regional Wealth,1015,1714645895
Roof Tiles,50,1714645895
Stone,757,1714645895
Timber,33,1714645895
Vegetables,100,1714645895
Ale,0,1714645900
Approval,74,1714645900
Berries,43,1714645900
Clay,0,1714645900
Eggs,0,1714645900
Firewood,1729,1714645900
Hides,0,1714645900
Iron Ore,158,1714645900
Leather,81,1714645900
Meat,0,1714645900
Planks,256,1714645900
Regional Wealth,1015,1714645900
Roof Tiles,50,1714645900
Stone,757,1714645900
Timber,33,1714645900
Vegetables,100,1714645900
Ale,0,1714645905
Approval,74,1714645905
Berries,43,1714645905
Clay,0,1714645905
Eggs,0,1714645905
Firewood,1729,1714645905
Hides,0,1714645905
Iron Ore,158,1714645905
Leather,81,1714645905
Meat,0,1714645905
Planks,256,1714645905
Regional Wealth,1015,1714645905
Roof Tiles,50,1714645905
Stone,757,1714645905
Timber,33,1714645905
Vegetables,100,1714645905
Ale,0,1714645910
Approval,74,1714645910
Berries,43,1714645910
Clay,0,1714645910
Eggs,0,1714645910
Firewood,1730,1714645910
Hides,0,1714645910
Iron Ore,158,1714645910
Leather,81,1714645910
Meat,0,1714645910
Planks,256,1714645910
Regional Wealth,1015,1714645910
Roof Tiles,50,1714645910
Stone,757,1714645910
Timber,33,1714645910
Vegetables,100,1714645910
Ale,0,1714645915
Approval,74,1714645915
Berries,43,1714645915
Clay,0,1714645915
Eggs,0,1714645915
Firewood,1730,1714645915
Hides,0,1714645915
Iron Ore,158,1714645915
Leather,81,1714645915
Meat,0,1714645915
Planks,256,1714645915
Regional Wealth,1015,1714645915
Roof Tiles,50,1714645915
Stone,757,1714645915
Timber,33,1714645915
Vegetables,100,1714645915
Ale,0,1714645920
Approval,74,1714645920
Berries,43,1714645920
Clay,0,1714645920
Eggs,0,1714645920
Firewood,1730,1714645920
Hides,0,1714645920
Iron Ore,158,1714645920
Leather,81,1714645920
Meat,0,1714645920
Planks,256,1714645920
Regional Wealth,1015,1714645920
Roof Tiles,50,1714645920
Stone,757,1714645920
Timber,33,1714645920
Vegetables,100,1714645920
Ale,0,1714645925
Approval,74,1714645925
Berries,43,1714645925
Clay,0,1714645925
Eggs,0,1714645925
Firewood,1730,1714645925
Hides,0,1714645925
Iron Ore,158,1714645925
Leather,81,1714645925
Meat,0,1714645925
Planks,256,1714645925
Regional Wealth,1015,1714645925
Roof Tiles,50,1714645925
Stone,757,1714645925
Timber,33,1714645925
Vegetables,100,1714645925
Ale,0,1714645930
Approval,74,1714645930
Berries,43,1714645930
Clay,0,1714645930
Eggs,0,1714645930
Firewood,1730,1714645930
Hides,0,1714645930
Iron Ore,158,1714645930
Leather,81,1714645930
Meat,0,1714645930
Planks,256,1714645930
Regional Wealth,1015,1714645930
Roof Tiles,50,1714645930
Stone,757,1714645930
Timber,33,1714645930
Vegetables,100,1714645930
Ale,0,1714645935
Approval,74,1714645935
Berries,43,1714645935
Clay,0,1714645935
Eggs,0,1714645935
Firewood,1730,1714645935
Hides,0,1714645935
Iron Ore,158,1714645935
Leather,81,1714645935
Meat,0,1714645935
Planks,256,1714645935
Regional Wealth,1015,1714645935
Roof Tiles,50,1714645935
Stone,757,1714645935
Timber,33,1714645935
Vegetables,100,1714645935
Ale,0,1714645940
Approval,70,1714645940
Berries,43,1714645940
Clay,0,1714645940
Eggs,0,1714645940
Firewood,1732,1714645940
Hides,0,1714645940
Iron Ore,158,1714645940
Leather,81,1714645940
Meat,0,1714645940
Planks,256,1714645940
Regional Wealth,1015,1714645940
Roof Tiles,50,1714645940
Stone,757,1714645940
Timber,33,1714645940
Vegetables,100,1714645940
Ale,0,1714645945
Approval,70,1714645945
Berries,43,1714645945
Clay,0,1714645945
Eggs,0,1714645945
Firewood,1734,1714645945
Hides,0,1714645945
Iron Ore,158,1714645945
Leather,81,1714645945
Meat,0,1714645945
Planks,256,1714645945
Regional Wealth,1015,1714645945
Roof Tiles,50,1714645945
Stone,757,1714645945
Timber,33,1714645945
Vegetables,100,1714645945
Ale,0,1714645950
Approval,70,1714645950
Berries,43,1714645950
Clay,0,1714645950
Eggs,0,1714645950
Firewood,1735,1714645950
Hides,0,1714645950
Iron Ore,158,1714645950
Leather,81,1714645950
Meat,0,1714645950
Planks,256,1714645950
Regional Wealth,1014,1714645950
Roof Tiles,50,1714645950
Stone,757,1714645950
Timber,33,1714645950
Vegetables,98,1714645950
Ale,0,1714645955
Approval,70,1714645955
Berries,43,1714645955
Clay,0,1714645955
Eggs,0,1714645955
Firewood,1736,1714645955
Hides,0,1714645955
Iron Ore,158,1714645955
Leather,81,1714645955
Meat,0,1714645955
Planks,256,1714645955
Regional Wealth,1013,1714645955
Roof Tiles,50,1714645955
Stone,757,1714645955
Timber,33,1714645955
Vegetables,97,1714645955
Ale,0,1714645960
Approval,72,1714645960
Berries,43,1714645960
Clay,0,1714645960
Eggs,0,1714645960
Firewood,1737,1714645960
Hides,0,1714645960
Iron Ore,158,1714645960
Leather,81,1714645960
Meat,0,1714645960
Planks,256,1714645960
Regional Wealth,1013,1714645960
Roof Tiles,50,1714645960
Stone,757,1714645960
Timber,33,1714645960
Vegetables,97,1714645960
Ale,0,1714645965
Approval,72,1714645965
Berries,43,1714645965
Clay,0,1714645965
Eggs,0,1714645965
Firewood,1738,1714645965
Hides,0,1714645965
Iron Ore,158,1714645965
Leather,81,1714645965
Meat,0,1714645965
Planks,256,1714645965
Regional Wealth,1013,1714645965
Roof Tiles,50,1714645965
Stone,757,1714645965
Timber,33,1714645965
Vegetables,97,1714645965
Ale,0,1714645970
Approval,72,1714645970
Berries,43,1714645970
Clay,0,1714645970
Eggs,0,1714645970
Firewood,1739,1714645970
Hides,0,1714645970
Iron Ore,158,1714645970
Leather,81,1714645970
Meat,0,1714645970
Planks,256,1714645970
Regional Wealth,1012,1714645970
Roof Tiles,50,1714645970
Stone,757,1714645970
Timber,33,1714645970
Vegetables,97,1714645970
Ale,0,1714645975
Approval,74,1714645975
Berries,43,1714645975
Clay,0,1714645975
Eggs,1,1714645975
Firewood,1740,1714645975
Hides,1,1714645975
Iron Ore,158,1714645975
Leather,81,1714645975
Meat,0,1714645975
Planks,256,1714645975
Regional Wealth,1011,1714645975
Roof Tiles,50,1714645975
Stone,757,1714645975
Timber,33,1714645975
Vegetables,97,1714645975
Ale,0,1714645980
Approval,74,1714645980
Berries,43,1714645980
Clay,0,1714645980
Eggs,1,1714645980
Firewood,1741,1714645980
Hides,0,1714645980
Iron Ore,158,1714645980
Leather,82,1714645980
Meat,0,1714645980
Planks,256,1714645980
Regional Wealth,1010,1714645980
Roof Tiles,50,1714645980
Stone,757,1714645980
Timber,33,1714645980
Vegetables,95,1714645980
Ale,0,1714645985
Approval,74,1714645985
Berries,43,1714645985
Clay,0,1714645985
Eggs,1,1714645985
Firewood,1742,1714645985
Hides,0,1714645985
Iron Ore,158,1714645985
Leather,82,1714645985
Meat,0,1714645985
Planks,256,1714645985
Regional Wealth,1010,1714645985
Roof Tiles,50,1714645985
Stone,757,1714645985
Timber,33,1714645985
Vegetables,94,1714645985
Ale,0,1714645990
Approval,74,1714645990
Berries,43,1714645990
Clay,0,1714645990
Eggs,1,1714645990
Firewood,1741,1714645990
Hides,0,1714645990
Iron Ore,158,1714645990
Leather,82,1714645990
Meat,0,1714645990
Planks,256,1714645990
Regional Wealth,1010,1714645990
Roof Tiles,50,1714645990
Stone,757,1714645990
Timber,33,1714645990
Vegetables,94,1714645990
Ale,0,1714645995
Approval,77,1714645995
Berries,43,1714645995
Clay,0,1714645995
Eggs,1,1714645995
Firewood,1743,1714645995
Hides,0,1714645995
Iron Ore,158,1714645995
Leather,82,1714645995
Meat,0,1714645995
Planks,256,1714645995
Regional Wealth,1010,1714645995
Roof Tiles,50,1714645995
Stone,757,1714645995
Timber,33,1714645995
Vegetables,91,1714645995
Ale,0,1714646000
Approval,77,1714646000
Berries,43,1714646000
Clay,0,1714646000
Eggs,1,1714646000
Firewood,1743,1714646000
Hides,0,1714646000
Iron Ore,158,1714646000
Leather,82,1714646000
Meat,0,1714646000
Planks,256,1714646000
Regional Wealth,1010,1714646000
Roof Tiles,50,1714646000
Stone,757,1714646000
Timber,33,1714646000
Vegetables,91,1714646000
Ale,0,1714646005
Approval,77,1714646005
Berries,43,1714646005
Clay,0,1714646005
Eggs,1,1714646005
Firewood,1743,1714646005
Hides,0,1714646005
Iron Ore,158,1714646005
Leather,82,1714646005
Meat,0,1714646005
Planks,256,1714646005
Regional Wealth,1010,1714646005
Roof Tiles,50,1714646005
Stone,757,1714646005
Timber,33,1714646005
Vegetables,91,1714646005
Ale,0,1714646010
Approval,77,1714646010
Berries,43,1714646010
Clay,0,1714646010
Eggs,1,1714646010
Firewood,1743,1714646010
Hides,0,1714646010
Iron Ore,158,1714646010
Leather,82,1714646010
Meat,0,1714646010
Planks,256,1714646010
Regional Wealth,1010,1714646010
Roof Tiles,50,1714646010
Stone,757,1714646010
Timber,33,1714646010
Vegetables,91,1714646010
Ale,0,1714646015
Approval,77,1714646015
Berries,43,1714646015
Clay,0,1714646015
Eggs,1,1714646015
Firewood,1743,1714646015
Hides,0,1714646015
Iron Ore,158,1714646015
Leather,82,1714646015
Meat,0,1714646015
Planks,256,1714646015
Regional Wealth,1010,1714646015
Roof Tiles,50,1714646015
Stone,757,1714646015
Timber,33,1714646015
Vegetables,91,1714646015
Ale,0,1714646020
Approval,77,1714646020
Berries,43,1714646020
Clay,0,1714646020
Eggs,1,1714646020
Firewood,1743,1714646020
Hides,0,1714646020
Iron Ore,158,1714646020
Leather,82,1714646020
Meat,0,1714646020
Planks,256,1714646020
Regional Wealth,1010,1714646020
Roof Tiles,50,1714646020
Stone,757,1714646020
Timber,33,1714646020
Vegetables,91,1714646020
Ale,0,1714646025
Approval,77,1714646025
Berries,43,1714646025
Clay,0,1714646025
Eggs,1,1714646025
Firewood,1743,1714646025
Hides,0,1714646025
Iron Ore,158,1714646025
Leather,82,1714646025
Meat,0,1714646025
Planks,256,1714646025
Regional Wealth,1010,1714646025
Roof Tiles,50,1714646025
Stone,757,1714646025
Timber,33,1714646025
Vegetables,91,1714646025
Ale,0,1714646030
Approval,77,1714646030
Berries,43,1714646030
Clay,0,1714646030
Eggs,1,1714646030
Firewood,1743,1714646030
Hides,0,1714646030
Iron Ore,158,1714646030
Leather,82,1714646030
Meat,0,1714646030
Planks,256,1714646030
Regional Wealth,1010,1714646030
Roof Tiles,50,1714646030
Stone,757,1714646030
Timber,33,1714646030
Vegetables,91,1714646030
Ale,0,1714646035
Approval,77,1714646035
Berries,43,1714646035
Clay,0,1714646035
Eggs,1,1714646035
Firewood,1743,1714646035
Hides,0,1714646035
Iron Ore,158,1714646035
Leather,82,1714646035
Meat,0,1714646035
Planks,256,1714646035
Regional Wealth,1010,1714646035
Roof Tiles,50,1714646035
Stone,757,1714646035
Timber,33,1714646035
Vegetables,91,1714646035
Ale,0,1714646040
Approval,77,1714646040
Berries,43,1714646040
Clay,0,1714646040
Eggs,1,1714646040
Firewood,1743,1714646040
Hides,0,1714646040
Iron Ore,158,1714646040
Leather,82,1714646040
Meat,0,1714646040
Planks,256,1714646040
Regional Wealth,1010,1714646040
Roof Tiles,50,1714646040
Stone,757,1714646040
Timber,33,1714646040
Vegetables,91,1714646040
Ale,0,1714646045
Approval,77,1714646045
Berries,43,1714646045
Clay,0,1714646045
Eggs,1,1714646045
Firewood,1743,1714646045
Hides,0,1714646045
Iron Ore,158,1714646045
Leather,82,1714646045
Meat,0,1714646045
Planks,256,1714646045
Regional Wealth,1010,1714646045
Roof Tiles,50,1714646045
Stone,757,1714646045
Timber,33,1714646045
Vegetables,91,1714646045
Ale,0,1714646050
Approval,77,1714646050
Berries,43,1714646050
Clay,0,1714646050
Eggs,1,1714646050
Firewood,1743,1714646050
Hides,0,1714646050
Iron Ore,158,1714646050
Leather,82,1714646050
Meat,0,1714646050
Planks,256,1714646050
Regional Wealth,1010,1714646050
Roof Tiles,50,1714646050
Stone,757,1714646050
Timber,33,1714646050
Vegetables,91,1714646050
Ale,0,1714646055
Approval,77,1714646055
Berries,43,1714646055
Clay,0,1714646055
Eggs,1,1714646055
Firewood,1743,1714646055
Hides,0,1714646055
Iron Ore,158,1714646055
Leather,82,1714646055
Meat,0,1714646055
Planks,256,1714646055
Regional Wealth,1010,1714646055
Roof Tiles,50,1714646055
Stone,757,1714646055
Timber,33,1714646055
Vegetables,91,1714646055
Ale,0,1714646060
Approval,77,1714646060
Berries,43,1714646060
Clay,0,1714646060
Eggs,1,1714646060
Firewood,1743,1714646060
Hides,0,1714646060
Iron Ore,158,1714646060
Leather,82,1714646060
Meat,0,1714646060
Planks,256,1714646060
Regional Wealth,1010,1714646060
Roof Tiles,50,1714646060
Stone,757,1714646060
Timber,33,1714646060
Vegetables,91,1714646060
Ale,0,1714646065
Approval,77,1714646065
Berries,43,1714646065
Clay,0,1714646065
Eggs,1,1714646065
Firewood,1743,1714646065
Hides,0,1714646065
Iron Ore,158,1714646065
Leather,82,1714646065
Meat,0,1714646065
Planks,256,1714646065
Regional Wealth,1010,1714646065
Roof Tiles,50,1714646065
Stone,757,1714646065
Timber,33,1714646065
Vegetables,91,1714646065
Ale,0,1714646070
Approval,77,1714646070
Berries,43,1714646070
Clay,0,1714646070
Eggs,1,1714646070
Firewood,1743,1714646070
Hides,0,1714646070
Iron Ore,158,1714646070
Leather,82,1714646070
Meat,0,1714646070
Planks,256,1714646070
Regional Wealth,1010,1714646070
Roof Tiles,50,1714646070
Stone,757,1714646070
Timber,33,1714646070
Vegetables,91,1714646070
Ale,0,1714646075
Approval,77,1714646075
Berries,43,1714646075
Clay,0,1714646075
Eggs,1,1714646075
Firewood,1743,1714646075
Hides,0,1714646075
Iron Ore,158,1714646075
Leather,82,1714646075
Meat,0,1714646075
Planks,256,1714646075
Regional Wealth,1010,1714646075
Roof Tiles,50,1714646075
Stone,757,1714646075
Timber,33,1714646075
Vegetables,91,1714646075
Ale,0,1714646080
Approval,77,1714646080
Berries,43,1714646080
Clay,0,1714646080
Eggs,1,1714646080
Firewood,1743,1714646080
Hides,0,1714646080
Iron Ore,158,1714646080
Leather,82,1714646080
Meat,0,1714646080
Planks,256,1714646080
Regional Wealth,1010,1714646080
Roof Tiles,50,1714646080
Stone,757,1714646080
Timber,33,1714646080
Vegetables,91,1714646080
Ale,0,1714646085
Approval,77,1714646085
Berries,43,1714646085
Clay,0,1714646085
Eggs,1,1714646085
Firewood,1743,1714646085
Hides,0,1714646085
Iron Ore,158,1714646085
Leather,82,1714646085
Meat,0,1714646085
Planks,256,1714646085
Regional Wealth,1010,1714646085
Roof Tiles,50,1714646085
Stone,757,1714646085
Timber,33,1714646085
Vegetables,91,1714646085
Ale,0,1714646090
Approval,77,1714646090
Berries,43,1714646090
Clay,0,1714646090
Eggs,1,1714646090
Firewood,1743,1714646090
Hides,0,1714646090
Iron Ore,158,1714646090
Leather,82,1714646090
Meat,0,1714646090
Planks,256,1714646090
Regional Wealth,1010,1714646090
Roof Tiles,50,1714646090
Stone,757,1714646090
Timber,33,1714646090
Vegetables,91,1714646090
Ale,0,1714646095
Approval,77,1714646095
Berries,43,1714646095
Clay,0,1714646095
Eggs,1,1714646095
Firewood,1743,1714646095
Hides,0,1714646095
Iron Ore,158,1714646095
Leather,82,1714646095
Meat,0,1714646095
Planks,256,1714646095
Regional Wealth,1010,1714646095
Roof Tiles,50,1714646095
Stone,757,1714646095
Timber,33,1714646095
Vegetables,91,1714646095
Ale,0,1714646100
Approval,77,1714646100
Berries,43,1714646100
Clay,0,1714646100
Eggs,1,1714646100
Firewood,1743,1714646100
Hides,0,1714646100
Iron Ore,158,1714646100
Leather,82,1714646100
Meat,0,1714646100
Planks,256,1714646100
Regional Wealth,1010,1714646100
Roof Tiles,50,1714646100
Stone,757,1714646100
Timber,33,1714646100
Vegetables,91,1714646100
Ale,0,1714646105
Approval,77,1714646105
Berries,43,1714646105
Clay,0,1714646105
Eggs,1,1714646105
Firewood,1743,1714646105
Hides,0,1714646105
Iron Ore,158,1714646105
Leather,82,1714646105
Meat,0,1714646105
Planks,256,1714646105
Regional Wealth,1010,1714646105
Roof Tiles,50,1714646105
Stone,757,1714646105
Timber,33,1714646105
Vegetables,91,1714646105
Ale,0,1714646110
Approval,77,1714646110
Berries,43,1714646110
Clay,0,1714646110
Eggs,1,1714646110
Firewood,1744,1714646110
Hides,0,1714646110
Iron Ore,158,1714646110
Leather,82,1714646110
Meat,0,1714646110
Planks,256,1714646110
Regional Wealth,1010,1714646110
Roof Tiles,50,1714646110
Stone,757,1714646110
Timber,33,1714646110
Vegetables,90,1714646110
Ale,0,1714646115
Approval,77,1714646115
Berries,43,1714646115
Clay,0,1714646115
Eggs,1,1714646115
Firewood,1745,1714646115
Hides,0,1714646115
Iron Ore,158,1714646115
Leather,82,1714646115
Meat,0,1714646115
Planks,256,1714646115
Regional Wealth,1009,1714646115
Roof Tiles,50,1714646115
Stone,757,1714646115
Timber,33,1714646115
Vegetables,90,1714646115
Ale,0,1714646120
Approval,77,1714646120
Berries,43,1714646120
Clay,0,1714646120
Eggs,1,1714646120
Firewood,1746,1714646120
Hides,0,1714646120
Iron Ore,158,1714646120
Leather,82,1714646120
Meat,0,1714646120
Planks,256,1714646120
Regional Wealth,1009,1714646120
Roof Tiles,50,1714646120
Stone,757,1714646120
Timber,33,1714646120
Vegetables,90,1714646120
Ale,0,1714646125
Approval,69,1714646125
Berries,43,1714646125
Clay,0,1714646125
Eggs,1,1714646125
Firewood,1748,1714646125
Hides,0,1714646125
Iron Ore,158,1714646125
Leather,82,1714646125
Meat,0,1714646125
Planks,256,1714646125
Regional Wealth,1009,1714646125
Roof Tiles,50,1714646125
Stone,757,1714646125
Timber,33,1714646125
Vegetables,90,1714646125
Ale,0,1714646130
Approval,69,1714646130
Berries,43,1714646130
Clay,0,1714646130
Eggs,1,1714646130
Firewood,1751,1714646130
Hides,0,1714646130
Iron Ore,158,1714646130
Leather,82,1714646130
Meat,0,1714646130
Planks,256,1714646130
Regional Wealth,1013,1714646130
Roof Tiles,50,1714646130
Stone,757,1714646130
Timber,33,1714646130
Vegetables,89,1714646130
Ale,0,1714646135
Approval,69,1714646135
Berries,43,1714646135
Clay,0,1714646135
Eggs,1,1714646135
Firewood,1751,1714646135
Hides,0,1714646135
Iron Ore,158,1714646135
Leather,82,1714646135
Meat,0,1714646135
Planks,256,1714646135
Regional Wealth,1013,1714646135
Roof Tiles,50,1714646135
Stone,757,1714646135
Timber,33,1714646135
Vegetables,89,1714646135
Ale,0,1714646140
Approval,69,1714646140
Berries,43,1714646140
Clay,0,1714646140
Eggs,1,1714646140
Firewood,1752,1714646140
Hides,0,1714646140
Iron Ore,158,1714646140
Leather,82,1714646140
Meat,0,1714646140
Planks,256,1714646140
Regional Wealth,1012,1714646140
Roof Tiles,50,1714646140
Stone,757,1714646140
Timber,33,1714646140
Vegetables,88,1714646140
Ale,0,1714646145
Approval,71,1714646145
Berries,43,1714646145
Clay,0,1714646145
Eggs,1,1714646145
Firewood,1753,1714646145
Hides,0,1714646145
Iron Ore,158,1714646145
Leather,82,1714646145
Meat,0,1714646145
Planks,256,1714646145
Regional Wealth,1012,1714646145
Roof Tiles,50,1714646145
Stone,757,1714646145
Timber,33,1714646145
Vegetables,88,1714646145
Ale,0,1714646150
Approval,71,1714646150
Berries,43,1714646150
Clay,0,1714646150
Eggs,1,1714646150
Firewood,1755,1714646150
Hides,0,1714646150
Iron Ore,158,1714646150
Leather,82,1714646150
Meat,0,1714646150
Planks,256,1714646150
Regional Wealth,1012,1714646150
Roof Tiles,50,1714646150
Stone,757,1714646150
Timber,33,1714646150
Vegetables,88,1714646150
Ale,0,1714646155
Approval,71,1714646155
Berries,43,1714646155
Clay,0,1714646155
Eggs,1,1714646155
Firewood,1757,1714646155
Hides,0,1714646155
Iron Ore,158,1714646155
Leather,82,1714646155
Meat,0,1714646155
Planks,256,1714646155
Regional Wealth,1012,1714646155
Roof Tiles,50,1714646155
Stone,757,1714646155
Timber,33,1714646155
Vegetables,88,1714646155
Ale,0,1714670282
Approval,70,1714670282
Berries,43,1714670282
Clay,0,1714670282
Eggs,0,1714670282
Firewood,1779,1714670282
Hides,0,1714670282
Iron Ore,158,1714670282
Leather,83,1714670282
Meat,0,1714670282
Planks,256,1714670282
Regional Wealth,1009,1714670282
Roof Tiles,50,1714670282
Stone,757,1714670282
Timber,33,1714670282
Vegetables,85,1714670282
Ale,0,1714670342
Approval,70,1714670342
Berries,43,1714670342
Clay,0,1714670342
Eggs,0,1714670342
Firewood,1782,1714670342
Hides,0,1714670342
Iron Ore,158,1714670342
Leather,83,1714670342
Meat,0,1714670342
Planks,256,1714670342
Regional Wealth,1009,1714670342
Roof Tiles,50,1714670342
Stone,757,1714670342
Timber,33,1714670342
Vegetables,85,1714670342
Ale,0,1714670402
Approval,70,1714670402
Berries,43,1714670402
Clay,0,1714670402
Eggs,0,1714670402
Firewood,1784,1714670402
Hides,0,1714670402
Iron Ore,158,1714670402
Leather,83,1714670402
Meat,0,1714670402
Planks,256,1714670402
Regional Wealth,1009,1714670402
Roof Tiles,50,1714670402
Stone,757,1714670402
Timber,33,1714670402
Vegetables,85,1714670402
Ale,0,1714670462
Approval,70,1714670462
Berries,43,1714670462
Clay,0,1714670462
Eggs,0,1714670462
Firewood,1785,1714670462
Hides,0,1714670462
Iron Ore,158,1714670462
Leather,83,1714670462
Meat,0,1714670462
Planks,256,1714670462
Regional Wealth,1009,1714670462
Roof Tiles,50,1714670462
Stone,757,1714670462
Timber,33,1714670462
Vegetables,85,1714670462
Ale,0,1714670522
Approval,70,1714670522
Berries,43,1714670522
Clay,0,1714670522
Eggs,0,1714670522
Firewood,1788,1714670522
Hides,0,1714670522
Iron Ore,158,1714670522
Leather,83,1714670522
Meat,0,1714670522
Planks,256,1714670522
Regional Wealth,1009,1714670522
Roof Tiles,50,1714670522
Stone,757,1714670522
Timber,33,1714670522
Vegetables,85,1714670522
Ale,0,1714670582
Approval,70,1714670582
Berries,43,1714670582
Clay,0,1714670582
Eggs,0,1714670582
Firewood,1790,1714670582
Hides,0,1714670582
Iron Ore,158,1714670582
Leather,83,1714670582
Meat,0,1714670582
Planks,256,1714670582
Regional Wealth,1009,1714670582
Roof Tiles,50,1714670582
Stone,757,1714670582
Timber,33,1714670582
Vegetables,85,1714670582
Ale,0,1714670642
Approval,70,1714670642
Berries,43,1714670642
Clay,0,1714670642
Eggs,0,1714670642
Firewood,1794,1714670642
Hides,0,1714670642
Iron Ore,158,1714670642
Leather,83,1714670642
Meat,0,1714670642
Planks,256,1714670642
Regional Wealth,1006,1714670642
Roof Tiles,50,1714670642
Stone,757,1714670642
Timber,33,1714670642
Vegetables,84,1714670642
Ale,0,1714670702
Approval,73,1714670702
Berries,43,1714670702
Clay,0,1714670702
Eggs,0,1714670702
Firewood,1807,1714670702
Hides,0,1714670702
Iron Ore,158,1714670702
Leather,83,1714670702
Meat,0,1714670702
Planks,256,1714670702
Regional Wealth,1007,1714670702
Roof Tiles,50,1714670702
Stone,757,1714670702
Timber,33,1714670702
Vegetables,78,1714670702
Ale,0,1714670762
Approval,69,1714670762
Berries,43,1714670762
Clay,0,1714670762
Eggs,1,1714670762
Firewood,1823,1714670762
Hides,0,1714670762
Iron Ore,158,1714670762
Leather,84,1714670762
Meat,0,1714670762
Planks,256,1714670762
Regional Wealth,1007,1714670762
Roof Tiles,50,1714670762
Stone,757,1714670762
Timber,33,1714670762
Vegetables,67,1714670762
Ale,0,1714670822
Approval,76,1714670822
Berries,43,1714670822
Clay,0,1714670822
Eggs,0,1714670822
Firewood,1848,1714670822
Hides,1,1714670822
Iron Ore,158,1714670822
Leather,84,1714670822
Meat,0,1714670822
Planks,256,1714670822
Regional Wealth,1003,1714670822
Roof Tiles,50,1714670822
Stone,757,1714670822
Timber,33,1714670822
Vegetables,67,1714670822
Ale,0,1714670882
Approval,71,1714670882
Berries,43,1714670882
Clay,0,1714670882
Eggs,0,1714670882
Firewood,1871,1714670882
Hides,0,1714670882
Iron Ore,158,1714670882
Leather,85,1714670882
Meat,0,1714670882
Planks,256,1714670882
Regional Wealth,1002,1714670882
Roof Tiles,50,1714670882
Stone,757,1714670882
Timber,33,1714670882
Vegetables,65,1714670882
Ale,0,1714670942
Approval,79,1714670942
Berries,43,1714670942
Clay,0,1714670942
Eggs,1,1714670942
Firewood,1894,1714670942
Hides,0,1714670942
Iron Ore,158,1714670942
Leather,86,1714670942
Meat,0,1714670942
Planks,256,1714670942
Regional Wealth,998,1714670942
Roof Tiles,50,1714670942
Stone,757,1714670942
Timber,33,1714670942
Vegetables,64,1714670942
Ale,0,1714671002
Approval,73,1714671002
Berries,43,1714671002
Clay,0,1714671002
Eggs,1,1714671002
Firewood,1912,1714671002
Hides,0,1714671002
Iron Ore,158,1714671002
Leather,86,1714671002
Meat,0,1714671002
Planks,256,1714671002
Regional Wealth,995,1714671002
Roof Tiles,50,1714671002
Stone,757,1714671002
Timber,33,1714671002
Vegetables,63,1714671002
Ale,0,1714671062
Approval,81,1714671062
Berries,43,1714671062
Clay,0,1714671062
Eggs,0,1714671062
Firewood,1941,1714671062
Hides,0,1714671062
Iron Ore,158,1714671062
Leather,87,1714671062
Meat,0,1714671062
Planks,256,1714671062
Regional Wealth,989,1714671062
Roof Tiles,50,1714671062
Stone,757,1714671062
Timber,33,1714671062
Vegetables,58,1714671062
Ale,0,1714671122
Approval,79,1714671122
Berries,43,1714671122
Clay,0,1714671122
Eggs,1,1714671122
Firewood,1965,1714671122
Hides,1,1714671122
Iron Ore,158,1714671122
Leather,87,1714671122
Meat,0,1714671122
Planks,256,1714671122
Regional Wealth,988,1714671122
Roof Tiles,50,1714671122
Stone,757,1714671122
Timber,33,1714671122
Vegetables,60,1714671122
Ale,0,1714671182
Approval,74,1714671182
Berries,43,1714671182
Clay,0,1714671182
Eggs,1,1714671182
Firewood,1978,1714671182
Hides,0,1714671182
Iron Ore,158,1714671182
Leather,88,1714671182
Meat,0,1714671182
Planks,256,1714671182
Regional Wealth,990,1714671182
Roof Tiles,50,1714671182
Stone,757,1714671182
Timber,33,1714671182
Vegetables,53,1714671182
Ale,0,1714671242
Approval,82,1714671242
Berries,43,1714671242
Clay,0,1714671242
Eggs,1,1714671242
Firewood,1997,1714671242
Hides,0,1714671242
Iron Ore,158,1714671242
Leather,89,1714671242
Meat,0,1714671242
Planks,256,1714671242
Regional Wealth,985,1714671242
Roof Tiles,50,1714671242
Stone,757,1714671242
Timber,33,1714671242
Vegetables,49,1714671242
Ale,0,1714671302
Approval,78,1714671302
Berries,43,1714671302
Clay,0,1714671302
Eggs,1,1714671302
Firewood,2012,1714671302
Hides,0,1714671302
Iron Ore,158,1714671302
Leather,89,1714671302
Meat,0,1714671302
Planks,256,1714671302
Regional Wealth,985,1714671302
Roof Tiles,50,1714671302
Stone,757,1714671302
Timber,33,1714671302
Vegetables,42,1714671302
Ale,0,1714671362
Approval,84,1714671362
Berries,43,1714671362
Clay,0,1714671362
Eggs,0,1714671362
Firewood,2036,1714671362
Hides,0,1714671362
Iron Ore,158,1714671362
Leather,90,1714671362
Meat,0,1714671362
Planks,256,1714671362
Regional Wealth,981,1714671362
Roof Tiles,50,1714671362
Stone,757,1714671362
Timber,33,1714671362
Vegetables,34,1714671362
Ale,0,1714671422
Approval,78,1714671422
Berries,43,1714671422
Clay,0,1714671422
Eggs,1,1714671422
Firewood,2057,1714671422
Hides,1,1714671422
Iron Ore,158,1714671422
Leather,90,1714671422
Meat,0,1714671422
Planks,256,1714671422
Regional Wealth,981,1714671422
Roof Tiles,50,1714671422
Stone,757,1714671422
Timber,33,1714671422
Vegetables,29,1714671422
Ale,0,1714671482
Approval,77,1714671482
Berries,43,1714671482
Clay,0,1714671482
Eggs,1,1714671482
Firewood,2080,1714671482
Hides,0,1714671482
Iron Ore,158,1714671482
Leather,91,1714671482
Meat,0,1714671482
Planks,256,1714671482
Regional Wealth,980,1714671482
Roof Tiles,50,1714671482
Stone,757,1714671482
Timber,33,1714671482
Vegetables,24,1714671482
Ale,0,1714671542
Approval,84,1714671542
Berries,43,1714671542
Clay,0,1714671542
Eggs,0,1714671542
Firewood,2109,1714671542
Hides,0,1714671542
Iron Ore,158,1714671542
Leather,92,1714671542
Meat,0,1714671542
Planks,256,1714671542
Regional Wealth,974,1714671542
Roof Tiles,50,1714671542
Stone,757,1714671542
Timber,33,1714671542
Vegetables,25,1714671542
Ale,0,1714671602
Approval,79,1714671602
Berries,43,1714671602
Clay,0,1714671602
Eggs,0,1714671602
Firewood,2124,1714671602
Hides,0,1714671602
Iron Ore,158,1714671602
Leather,92,1714671602
Meat,0,1714671602
Planks,256,1714671602
Regional Wealth,973,1714671602
Roof Tiles,50,1714671602
Stone,757,1714671602
Timber,33,1714671602
Vegetables,25,1714671602
Ale,0,1714671662
Approval,87,1714671662
Berries,43,1714671662
Clay,0,1714671662
Eggs,1,1714671662
Firewood,2148,1714671662
Hides,0,1714671662
Iron Ore,158,1714671662
Leather,93,1714671662
Meat,0,1714671662
Planks,256,1714671662
Regional Wealth,968,1714671662
Roof Tiles,50,1714671662
Stone,757,1714671662
Timber,33,1714671662
Vegetables,23,1714671662
Ale,5,1714671722
Approval,85,1714671722
Berries,31,1714671722
Clay,0,1714671722
Eggs,1,1714671722
Firewood,2149,1714671722
Hides,1,1714671722
Iron Ore,158,1714671722
Leather,93,1714671722
Meat,2,1714671722
Planks,256,1714671722
Regional Wealth,910,1714671722
Roof Tiles,50,1714671722
Stone,705,1714671722
Timber,33,1714671722
Vegetables,19,1714671722
Ale,0,1714671782
Approval,95,1714671782
Berries,31,1714671782
Clay,0,1714671782
Eggs,0,1714671782
Firewood,2148,1714671782
Hides,0,1714671782
Iron Ore,158,1714671782
Leather,97,1714671782
Meat,3,1714671782
Planks,256,1714671782
Regional Wealth,881,1714671782
Roof Tiles,50,1714671782
Stone,682,1714671782
Timber,33,1714671782
Vegetables,19,1714671782
Ale,0,1714671842
Approval,92,1714671842
Berries,31,1714671842
Clay,0,1714671842
Eggs,1,1714671842
Firewood,2145,1714671842
Hides,3,1714671842
Iron Ore,158,1714671842
Leather,100,1714671842
Meat,9,1714671842
Planks,256,1714671842
Regional Wealth,893,1714671842
Roof Tiles,50,1714671842
Stone,629,1714671842
Timber,33,1714671842
Vegetables,19,1714671842
Ale,0,1714671902
Approval,84,1714671902
Berries,31,1714671902
Clay,0,1714671902
Eggs,1,1714671902
Firewood,2140,1714671902
Hides,2,1714671902
Iron Ore,158,1714671902
Leather,104,1714671902
Meat,9,1714671902
Planks,256,1714671902
Regional Wealth,907,1714671902
Roof Tiles,50,1714671902
Stone,581,1714671902
Timber,33,1714671902
Vegetables,19,1714671902
Ale,4,1714671962
Approval,96,1714671962
Berries,31,1714671962
Clay,0,1714671962
Eggs,0,1714671962
Firewood,2137,1714671962
Hides,1,1714671962
Iron Ore,158,1714671962
Leather,108,1714671962
Meat,9,1714671962
Planks,256,1714671962
Regional Wealth,913,1714671962
Roof Tiles,50,1714671962
Stone,529,1714671962
Timber,33,1714671962
Vegetables,19,1714671962
Ale,0,1714672022
Approval,92,1714672022
Berries,31,1714672022
Clay,0,1714672022
Eggs,0,1714672022
Firewood,2121,1714672022
Hides,0,1714672022
Iron Ore,158,1714672022
Leather,110,1714672022
Meat,2,1714672022
Planks,256,1714672022
Regional Wealth,955,1714672022
Roof Tiles,50,1714672022
Stone,502,1714672022
Timber,33,1714672022
Vegetables,21,1714672022
Ale,0,1714672082
Approval,100,1714672082
Berries,31,1714672082
Clay,0,1714672082
Eggs,1,1714672082
Firewood,2113,1714672082
Hides,2,1714672082
Iron Ore,158,1714672082
Leather,113,1714672082
Meat,0,1714672082
Planks,256,1714672082
Regional Wealth,892,1714672082
Roof Tiles,50,1714672082
Stone,500,1714672082
Timber,33,1714672082
Vegetables,33,1714672082
Ale,0,1714672142
Approval,95,1714672142
Berries,31,1714672142
Clay,0,1714672142
Eggs,0,1714672142
Firewood,2110,1714672142
Hides,1,1714672142
Iron Ore,158,1714672142
Leather,114,1714672142
Meat,0,1714672142
Planks,256,1714672142
Regional Wealth,829,1714672142
Roof Tiles,50,1714672142
Stone,500,1714672142
Timber,33,1714672142
Vegetables,33,1714672142
Ale,0,1714672202
Approval,89,1714672202
Berries,32,1714672202
Clay,0,1714672202
Eggs,0,1714672202
Firewood,2108,1714672202
Hides,1,1714672202
Iron Ore,158,1714672202
Leather,117,1714672202
Meat,0,1714672202
Planks,256,1714672202
Regional Wealth,763,1714672202
Roof Tiles,50,1714672202
Stone,500,1714672202
Timber,33,1714672202
Vegetables,46,1714672202
Ale,2,1714672262
Approval,100,1714672262
Berries,62,1714672262
Clay,0,1714672262
Eggs,1,1714672262
Firewood,2084,1714672262
Hides,0,1714672262
Iron Ore,158,1714672262
Leather,120,1714672262
Meat,3,1714672262
Planks,256,1714672262
Regional Wealth,705,1714672262
Roof Tiles,50,1714672262
Stone,500,1714672262
Timber,33,1714672262
Vegetables,50,1714672262
Ale,0,1714672322
Approval,94,1714672322
Berries,98,1714672322
Clay,0,1714672322
Eggs,1,1714672322
Firewood,2066,1714672322
Hides,0,1714672322
Iron Ore,158,1714672322
Leather,122,1714672322
Meat,0,1714672322
Planks,256,1714672322
Regional Wealth,709,1714672322
Roof Tiles,50,1714672322
Stone,500,1714672322
Timber,33,1714672322
Vegetables,50,1714672322
Ale,0,1714672382
Approval,100,1714672382
Berries,134,1714672382
Clay,0,1714672382
Eggs,0,1714672382
Firewood,2046,1714672382
Hides,0,1714672382
Iron Ore,158,1714672382
Leather,124,1714672382
Meat,0,1714672382
Planks,256,1714672382
Regional Wealth,655,1714672382
Roof Tiles,50,1714672382
Stone,500,1714672382
Timber,33,1714672382
Vegetables,50,1714672382
Ale,0,1714672442
Approval,99,1714672442
Berries,165,1714672442
Clay,0,1714672442
Eggs,1,1714672442
Firewood,2038,1714672442
Hides,2,1714672442
Iron Ore,158,1714672442
Leather,125,1714672442
Meat,2,1714672442
Planks,256,1714672442
Regional Wealth,601,1714672442
Roof Tiles,50,1714672442
Stone,500,1714672442
Timber,33,1714672442
Vegetables,50,1714672442
Ale,2,1714672502
Approval,93,1714672502
Berries,187,1714672502
Clay,0,1714672502
Eggs,1,1714672502
Firewood,2028,1714672502
Hides,1,1714672502
Iron Ore,158,1714672502
Leather,125,1714672502
Meat,3,1714672502
Planks,256,1714672502
Regional Wealth,542,1714672502
Roof Tiles,50,1714672502
Stone,500,1714672502
Timber,33,1714672502
Vegetables,50,1714672502
Ale,5,1714672562
Approval,100,1714672562
Berries,195,1714672562
Clay,0,1714672562
Eggs,0,1714672562
Firewood,2018,1714672562
Hides,0,1714672562
Iron Ore,158,1714672562
Leather,129,1714672562
Meat,5,1714672562
Planks,256,1714672562
Regional Wealth,484,1714672562
Roof Tiles,50,1714672562
Stone,500,1714672562
Timber,33,1714672562
Vegetables,50,1714672562
Ale,0,1714672622
Approval,98,1714672622
Berries,186,1714672622
Clay,0,1714672622
Eggs,0,1714672622
Firewood,1997,1714672622
Hides,0,1714672622
Iron Ore,158,1714672622
Leather,131,1714672622
Meat,7,1714672622
Planks,256,1714672622
Regional Wealth,504,1714672622
Roof Tiles,50,1714672622
Stone,500,1714672622
Timber,33,1714672622
Vegetables,54,1714672622
Ale,0,1714672682
Approval,100,1714672682
Berries,182,1714672682
Clay,0,1714672682
Eggs,1,1714672682
Firewood,1980,1714672682
Hides,0,1714672682
Iron Ore,158,1714672682
Leather,133,1714672682
Meat,9,1714672682
Planks,256,1714672682
Regional Wealth,451,1714672682
Roof Tiles,50,1714672682
Stone,500,1714672682
Timber,33,1714672682
Vegetables,64,1714672682
Ale,0,1714672742
Approval,100,1714672742
Berries,182,1714672742
Clay,0,1714672742
Eggs,0,1714672742
Firewood,1969,1714672742
Hides,0,1714672742
Iron Ore,158,1714672742
Leather,135,1714672742
Meat,11,1714672742
Planks,256,1714672742
Regional Wealth,403,1714672742
Roof Tiles,50,1714672742
Stone,500,1714672742
Timber,33,1714672742
Vegetables,63,1714672742
Ale,4,1714672802
Approval,100,1714672802
Berries,182,1714672802
Clay,0,1714672802
Eggs,0,1714672802
Firewood,1959,1714672802
Hides,0,1714672802
Iron Ore,158,1714672802
Leather,136,1714672802
Meat,13,1714672802
Planks,256,1714672802
Regional Wealth,331,1714672802
Roof Tiles,50,1714672802
Stone,500,1714672802
Timber,33,1714672802
Vegetables,74,1714672802
Ale,0,1714672862
Approval,100,1714672862
Berries,182,1714672862
Clay,0,1714672862
Eggs,1,1714672862
Firewood,1939,1714672862
Hides,0,1714672862
Iron Ore,158,1714672862
Leather,138,1714672862
Meat,15,1714672862
Planks,256,1714672862
Regional Wealth,324,1714672862
Roof Tiles,50,1714672862
Stone,500,1714672862
Timber,33,1714672862
Vegetables,78,1714672862
Ale,0,1714672922
Approval,100,1714672922
Berries,182,1714672922
Clay,0,1714672922
Eggs,1,1714672922
Firewood,1923,1714672922
Hides,0,1714672922
Iron Ore,158,1714672922
Leather,138,1714672922
Meat,12,1714672922
Planks,256,1714672922
Regional Wealth,261,1714672922
Roof Tiles,50,1714672922
Stone,500,1714672922
Timber,33,1714672922
Vegetables,78,1714672922
Ale,0,1714672982
Approval,100,1714672982
Berries,182,1714672982
Clay,0,1714672982
Eggs,0,1714672982
Firewood,1912,1714672982
Hides,0,1714672982
Iron Ore,158,1714672982
Leather,141,1714672982
Meat,13,1714672982
Planks,256,1714672982
Regional Wealth,183,1714672982
Roof Tiles,50,1714672982
Stone,500,1714672982
Timber,33,1714672982
Vegetables,78,1714672982
Ale,0,1714673042
Approval,100,1714673042
Berries,182,1714673042
Clay,0,1714673042
Eggs,1,1714673042
Firewood,1904,1714673042
Hides,0,1714673042
Iron Ore,158,1714673042
Leather,142,1714673042
Meat,8,1714673042
Planks,256,1714673042
Regional Wealth,104,1714673042
Roof Tiles,50,1714673042
Stone,500,1714673042
Timber,33,1714673042
Vegetables,78,1714673042
Ale,3,1714673102
Approval,100,1714673102
Berries,182,1714673102
Clay,0,1714673102
Eggs,1,1714673102
Firewood,1893,1714673102
Hides,0,1714673102
Iron Ore,158,1714673102
Leather,143,1714673102
Meat,4,1714673102
Planks,256,1714673102
Regional Wealth,28,1714673102
Roof Tiles,50,1714673102
Stone,500,1714673102
Timber,33,1714673102
Vegetables,78,1714673102
Ale,0,1714673162
Approval,100,1714673162
Berries,182,1714673162
Clay,0,1714673162
Eggs,0,1714673162
Firewood,1890,1714673162
Hides,0,1714673162
Iron Ore,158,1714673162
Leather,146,1714673162
Meat,4,1714673162
Planks,256,1714673162
Regional Wealth,23,1714673162
Roof Tiles,50,1714673162
Stone,500,1714673162
Timber,33,1714673162
Vegetables,78,1714673162
Ale,0,1714673222
Approval,99,1714673222
Berries,182,1714673222
Clay,0,1714673222
Eggs,0,1714673222
Firewood,1886,1714673222
Hides,0,1714673222
Iron Ore,158,1714673222
Leather,146,1714673222
Meat,0,1714673222
Planks,256,1714673222
Regional Wealth,5,1714673222
Roof Tiles,50,1714673222
Stone,500,1714673222
Timber,33,1714673222
Vegetables,80,1714673222
Ale,0,1714673282
Approval,100,1714673282
Berries,197,1714673282
Clay,0,1714673282
Eggs,1,1714673282
Firewood,1875,1714673282
Hides,0,1714673282
Iron Ore,158,1714673282
Leather,148,1714673282
Meat,0,1714673282
Planks,256,1714673282
Regional Wealth,0,1714673282
Roof Tiles,50,1714673282
Stone,500,1714673282
Timber,33,1714673282
Vegetables,92,1714673282
Ale,0,1714673342
Approval,100,1714673342
Berries,227,1714673342
Clay,0,1714673342
Eggs,0,1714673342
Firewood,1864,1714673342
Hides,0,1714673342
Iron Ore,158,1714673342
Leather,150,1714673342
Meat,0,1714673342
Planks,256,1714673342
Regional Wealth,1,1714673342
Roof Tiles,50,1714673342
Stone,500,1714673342
Timber,33,1714673342
Vegetables,95,1714673342
Ale,0,1714673402
Approval,100,1714673402
Berries,255,1714673402
Clay,0,1714673402
Eggs,0,1714673402
Firewood,1858,1714673402
Hides,0,1714673402
Iron Ore,158,1714673402
Leather,151,1714673402
Meat,0,1714673402
Planks,256,1714673402
Regional Wealth,1,1714673402
Roof Tiles,50,1714673402
Stone,500,1714673402
Timber,33,1714673402
Vegetables,106,1714673402
Ale,0,1714673462
Approval,100,1714673462
Berries,285,1714673462
Clay,0,1714673462
Eggs,1,1714673462
Firewood,1848,1714673462
Hides,0,1714673462
Iron Ore,158,1714673462
Leather,153,1714673462
Meat,0,1714673462
Planks,256,1714673462
Regional Wealth,1,1714673462
Roof Tiles,50,1714673462
Stone,500,1714673462
Timber,33,1714673462
Vegetables,109,1714673462
Ale,0,1714673522
Approval,99,1714673522
Berries,307,1714673522
Clay,0,1714673522
Eggs,1,1714673522
Firewood,1832,1714673522
Hides,0,1714673522
Iron Ore,158,1714673522
Leather,154,1714673522
Meat,2,1714673522
Planks,256,1714673522
Regional Wealth,6,1714673522
Roof Tiles,50,1714673522
Stone,500,1714673522
Timber,33,1714673522
Vegetables,109,1714673522
Ale,0,1714673582
Approval,100,1714673582
Berries,345,1714673582
Clay,0,1714673582
Eggs,0,1714673582
Firewood,1811,1714673582
Hides,0,1714673582
Iron Ore,158,1714673582
Leather,156,1714673582
Meat,1,1714673582
Planks,256,1714673582
Regional Wealth,1,1714673582
Roof Tiles,50,1714673582
Stone,500,1714673582
Timber,33,1714673582
Vegetables,109,1714673582
Ale,0,1714673642
Approval,100,1714673642
Berries,375,1714673642
Clay,0,1714673642
Eggs,1,1714673642
Firewood,1800,1714673642
Hides,0,1714673642
Iron Ore,158,1714673642
Leather,158,1714673642
Meat,3,1714673642
Planks,256,1714673642
Regional Wealth,2,1714673642
Roof Tiles,50,1714673642
Stone,500,1714673642
Timber,33,1714673642
Vegetables,109,1714673642
Ale,0,1714673702
Approval,100,1714673702
Berries,405,1714673702
Clay,0,1714673702
Eggs,1,1714673702
Firewood,1783,1714673702
Hides,0,1714673702
Iron Ore,158,1714673702
Leather,158,1714673702
Meat,3,1714673702
Planks,256,1714673702
Regional Wealth,8,1714673702
Roof Tiles,50,1714673702
Stone,500,1714673702
Timber,33,1714673702
Vegetables,109,1714673702
Ale,0,1714673762
Approval,100,1714673762
Berries,420,1714673762
Clay,0,1714673762
Eggs,0,1714673762
Firewood,1767,1714673762
Hides,0,1714673762
Iron Ore,158,1714673762
Leather,160,1714673762
Meat,1,1714673762
Planks,256,1714673762
Regional Wealth,13,1714673762
Roof Tiles,50,1714673762
Stone,500,1714673762
Timber,33,1714673762
Vegetables,109,1714673762
Ale,0,1714673822
Approval,100,1714673822
Berries,418,1714673822
Clay,0,1714673822
Eggs,0,1714673822
Firewood,1758,1714673822
Hides,0,1714673822
Iron Ore,158,1714673822
Leather,162,1714673822
Meat,2,1714673822
Planks,256,1714673822
Regional Wealth,0,1714673822
Roof Tiles,50,1714673822
Stone,500,1714673822
Timber,33,1714673822
Vegetables,114,1714673822
Ale,0,1714673882
Approval,100,1714673882
Berries,417,1714673882
Clay,0,1714673882
Eggs,1,1714673882
Firewood,1753,1714673882
Hides,0,1714673882
Iron Ore,158,1714673882
Leather,163,1714673882
Meat,0,1714673882
Planks,256,1714673882
Regional Wealth,1,1714673882
Roof Tiles,50,1714673882
Stone,500,1714673882
Timber,33,1714673882
Vegetables,123,1714673882
Ale,0,1714673942
Approval,100,1714673942
Berries,415,1714673942
Clay,0,1714673942
Eggs,0,1714673942
Firewood,1729,1714673942
Hides,0,1714673942
Iron Ore,158,1714673942
Leather,165,1714673942
Meat,2,1714673942
Planks,256,1714673942
Regional Wealth,5,1714673942
Roof Tiles,50,1714673942
Stone,500,1714673942
Timber,33,1714673942
Vegetables,128,1714673942
Ale,0,1714674002
Approval,100,1714674002
Berries,415,1714674002
Clay,0,1714674002
Eggs,0,1714674002
Firewood,1715,1714674002
Hides,0,1714674002
Iron Ore,158,1714674002
Leather,166,1714674002
Meat,1,1714674002
Planks,256,1714674002
Regional Wealth,9,1714674002
Roof Tiles,50,1714674002
Stone,500,1714674002
Timber,33,1714674002
Vegetables,139,1714674002
Ale,0,1714674062
Approval,100,1714674062
Berries,412,1714674062
Clay,0,1714674062
Eggs,1,1714674062
Firewood,1700,1714674062
Hides,0,1714674062
Iron Ore,158,1714674062
Leather,168,1714674062
Meat,3,1714674062
Planks,256,1714674062
Regional Wealth,15,1714674062
Roof Tiles,50,1714674062
Stone,500,1714674062
Timber,33,1714674062
Vegetables,140,1714674062
Ale,0,1714674122
Approval,100,1714674122
Berries,408,1714674122
Clay,0,1714674122
Eggs,1,1714674122
Firewood,1664,1714674122
Hides,0,1714674122
Iron Ore,158,1714674122
Leather,170,1714674122
Meat,3,1714674122
Planks,256,1714674122
Regional Wealth,28,1714674122
Roof Tiles,50,1714674122
Stone,500,1714674122
Timber,33,1714674122
Vegetables,140,1714674122
Ale,0,1714674182
Approval,100,1714674182
Berries,407,1714674182
Clay,0,1714674182
Eggs,1,1714674182
Firewood,1655,1714674182
Hides,0,1714674182
Iron Ore,158,1714674182
Leather,171,1714674182
Meat,0,1714674182
Planks,256,1714674182
Regional Wealth,1,1714674182
Roof Tiles,50,1714674182
Stone,500,1714674182
Timber,33,1714674182
Vegetables,140,1714674182
Ale,0,1714674242
Approval,99,1714674242
Berries,403,1714674242
Clay,0,1714674242
Eggs,2,1714674242
Firewood,1642,1714674242
Hides,0,1714674242
Iron Ore,158,1714674242
Leather,173,1714674242
Meat,0,1714674242
Planks,256,1714674242
Regional Wealth,4,1714674242
Roof Tiles,50,1714674242
Stone,500,1714674242
Timber,33,1714674242
Vegetables,140,1714674242
Ale,0,1714674302
Approval,100,1714674302
Berries,403,1714674302
Clay,0,1714674302
Eggs,2,1714674302
Firewood,1639,1714674302
Hides,0,1714674302
Iron Ore,158,1714674302
Leather,174,1714674302
Meat,0,1714674302
Planks,256,1714674302
Regional Wealth,2,1714674302
Roof Tiles,50,1714674302
Stone,500,1714674302
Timber,33,1714674302
Vegetables,140,1714674302
Ale,0,1714674362
Approval,100,1714674362
Berries,398,1714674362
Clay,0,1714674362
Eggs,2,1714674362
Firewood,1629,1714674362
Hides,0,1714674362
Iron Ore,158,1714674362
Leather,177,1714674362
Meat,0,1714674362
Planks,256,1714674362
Regional Wealth,2,1714674362
Roof Tiles,50,1714674362
Stone,500,1714674362
Timber,33,1714674362
Vegetables,140,1714674362
Ale,0,1714674422
Approval,100,1714674422
Berries,397,1714674422
Clay,0,1714674422
Eggs,2,1714674422
Firewood,1612,1714674422
Hides,0,1714674422
Iron Ore,158,1714674422
Leather,177,1714674422
Meat,1,1714674422
Planks,256,1714674422
Regional Wealth,1,1714674422
Roof Tiles,50,1714674422
Stone,500,1714674422
Timber,33,1714674422
Vegetables,140,1714674422
Ale,0,1714674482
Approval,100,1714674482
Berries,397,1714674482
Clay,0,1714674482
Eggs,2,1714674482
Firewood,1602,1714674482
Hides,0,1714674482
Iron Ore,158,1714674482
Leather,179,1714674482
Meat,1,1714674482
Planks,256,1714674482
Regional Wealth,2,1714674482
Roof Tiles,50,1714674482
Stone,500,1714674482
Timber,33,1714674482
Vegetables,154,1714674482
Ale,0,1714674542
Approval,99,1714674542
Berries,421,1714674542
Clay,0,1714674542
Eggs,2,1714674542
Firewood,1571,1714674542
Hides,0,1714674542
Iron Ore,158,1714674542
Leather,181,1714674542
Meat,2,1714674542
Planks,256,1714674542
Regional Wealth,25,1714674542
Roof Tiles,50,1714674542
Stone,500,1714674542
Timber,33,1714674542
Vegetables,160,1714674542
Ale,0,1714674602
Approval,100,1714674602
Berries,445,1714674602
Clay,0,1714674602
Eggs,2,1714674602
Firewood,1549,1714674602
Hides,0,1714674602
Iron Ore,158,1714674602
Leather,182,1714674602
Meat,3,1714674602
Planks,256,1714674602
Regional Wealth,12,1714674602
Roof Tiles,50,1714674602
Stone,500,1714674602
Timber,33,1714674602
Vegetables,170,1714674602
